country_name,iso3,year,v2x_libdem,v2x_jucon,v2cacamps,v2smpolsoc,e_gdppc,covid_intensity,stringency_norm,stringency_mean,gdp_per_capita,econ_support_norm,econ_support_mean,stringency_avg_2020_2021,econ_support_avg_2020_2021,gdp_per_capita_2019
Australia,AUS,2010,0.86,0.991,-1.17,0.82,109.397,0.0,0.0,0.0,,0.0,0.0,58.967569,35.159817,115340.0
Australia,AUS,2011,0.864,0.991,-1.17,0.82,110.829,0.0,0.0,0.0,,0.0,0.0,58.967569,35.159817,115340.0
Australia,AUS,2012,0.864,0.991,-1.17,0.82,111.805,0.0,0.0,0.0,,0.0,0.0,58.967569,35.159817,115340.0
Australia,AUS,2013,0.823,0.982,-1.17,0.7,112.16,0.0,0.0,0.0,,0.0,0.0,58.967569,35.159817,115340.0
Australia,AUS,2014,0.815,0.982,-1.098,0.7,111.923,0.0,0.0,0.0,,0.0,0.0,58.967569,35.159817,115340.0
Australia,AUS,2015,0.829,0.982,-1.098,0.7,110.23,0.0,0.0,0.0,,0.0,0.0,58.967569,35.159817,115340.0
Australia,AUS,2016,0.832,0.986,-1.098,0.7,110.881,0.0,0.0,0.0,,0.0,0.0,58.967569,35.159817,115340.0
Australia,AUS,2017,0.825,0.986,-1.098,0.7,113.022,0.0,0.0,0.0,,0.0,0.0,58.967569,35.159817,115340.0
Australia,AUS,2018,0.813,0.985,-1.098,0.7,114.599,0.0,0.0,0.0,,0.0,0.0,58.967569,35.159817,115340.0
Australia,AUS,2019,0.779,0.985,-1.098,0.558,115.34,0.0,0.0,0.0,,0.0,0.0,58.967569,35.159817,115340.0
Australia,AUS,2020,0.797,0.988,-1.098,0.558,,3.58657,0.564717,56.471685,44648.71,0.583333,58.333333,58.967569,35.159817,115340.0
Australia,AUS,2021,0.785,0.988,-1.154,0.486,,4.036186,0.614635,61.463452,44648.71,0.119863,11.986301,58.967569,35.159817,115340.0
Australia,AUS,2022,0.8,0.988,-1.154,0.486,,6.380546,0.242494,24.249397,44648.71,0.0,0.0,58.967569,35.159817,115340.0
Australia,AUS,2023,0.804,0.988,-1.154,0.486,,5.522061,0.0,0.0,44648.71,0.0,0.0,58.967569,35.159817,115340.0
Australia,AUS,2024,0.808,0.988,-1.154,0.546,,3.556776,0.0,0.0,44648.71,0.0,0.0,58.967569,35.159817,115340.0
Austria,AUT,2010,0.805,0.92,-0.522,0.813,94.298,0.0,0.0,0.0,,0.0,0.0,54.604816,85.758197,98753.0
Austria,AUT,2011,0.806,0.92,-0.522,0.746,95.511,0.0,0.0,0.0,,0.0,0.0,54.604816,85.758197,98753.0
Austria,AUT,2012,0.806,0.92,-0.522,0.746,96.04,0.0,0.0,0.0,,0.0,0.0,54.604816,85.758197,98753.0
Austria,AUT,2013,0.807,0.906,-0.522,0.614,95.979,0.0,0.0,0.0,,0.0,0.0,54.604816,85.758197,98753.0
Austria,AUT,2014,0.808,0.906,-0.522,0.614,95.732,0.0,0.0,0.0,,0.0,0.0,54.604816,85.758197,98753.0
Austria,AUT,2015,0.808,0.906,-0.353,0.614,94.617,0.0,0.0,0.0,,0.0,0.0,54.604816,85.758197,98753.0
Austria,AUT,2016,0.781,0.906,-0.415,0.614,94.98,0.0,0.0,0.0,,0.0,0.0,54.604816,85.758197,98753.0
Austria,AUT,2017,0.785,0.906,-0.415,0.527,96.83,0.0,0.0,0.0,,0.0,0.0,54.604816,85.758197,98753.0
Austria,AUT,2018,0.784,0.894,-0.415,0.527,98.179,0.0,0.0,0.0,,0.0,0.0,54.604816,85.758197,98753.0
Austria,AUT,2019,0.796,0.923,-0.415,0.481,98.753,0.0,0.0,0.0,,0.0,0.0,54.604816,85.758197,98753.0
Austria,AUT,2020,0.789,0.907,-0.547,0.232,,6.657536,0.475853,47.585276,45436.69,0.715164,71.516393,54.604816,85.758197,98753.0
Austria,AUT,2021,0.783,0.924,-0.357,0.232,,6.959607,0.616244,61.624356,45436.69,1.0,100.0,54.604816,85.758197,98753.0
Austria,AUT,2022,0.762,0.924,-0.357,0.232,,6.311426,0.387455,38.745479,45436.69,1.0,100.0,54.604816,85.758197,98753.0
Austria,AUT,2023,0.777,0.944,-0.232,0.116,,4.674976,0.0,0.0,45436.69,0.0,0.0,54.604816,85.758197,98753.0
Austria,AUT,2024,0.762,0.944,-0.233,0.116,,0.0,0.0,0.0,45436.69,0.0,0.0,54.604816,85.758197,98753.0
Belgium,BEL,2010,0.839,0.936,-1.717,0.791,92.563,0.0,0.0,0.0,,0.0,0.0,51.107466,68.084016,96770.0
Belgium,BEL,2011,0.837,0.936,-1.717,0.791,92.686,0.0,0.0,0.0,,0.0,0.0,51.107466,68.084016,96770.0
Belgium,BEL,2012,0.837,0.936,-1.717,1.213,92.725,0.0,0.0,0.0,,0.0,0.0,51.107466,68.084016,96770.0
Belgium,BEL,2013,0.845,0.936,-1.717,1.213,92.798,0.0,0.0,0.0,,0.0,0.0,51.107466,68.084016,96770.0
Belgium,BEL,2014,0.843,0.936,-1.717,1.068,92.759,0.0,0.0,0.0,,0.0,0.0,51.107466,68.084016,96770.0
Belgium,BEL,2015,0.84,0.936,-1.717,0.29,91.647,0.0,0.0,0.0,,0.0,0.0,51.107466,68.084016,96770.0
Belgium,BEL,2016,0.838,0.93,-1.717,0.166,92.339,0.0,0.0,0.0,,0.0,0.0,51.107466,68.084016,96770.0
Belgium,BEL,2017,0.837,0.93,-1.717,0.166,94.35,0.0,0.0,0.0,,0.0,0.0,51.107466,68.084016,96770.0
Belgium,BEL,2018,0.837,0.93,-1.717,0.063,95.641,0.0,0.0,0.0,,0.0,0.0,51.107466,68.084016,96770.0
Belgium,BEL,2019,0.84,0.92,-1.717,0.336,96.77,0.0,0.0,0.0,,0.0,0.0,51.107466,68.084016,96770.0
Belgium,BEL,2020,0.828,0.924,-1.782,1.021,,7.417682,0.521,52.100028,42658.58,0.61168,61.168033,51.107466,68.084016,96770.0
Belgium,BEL,2021,0.829,0.924,-0.661,0.989,,6.631277,0.501149,50.114904,42658.58,0.75,75.0,51.107466,68.084016,96770.0
Belgium,BEL,2022,0.837,0.924,-0.661,1.255,,6.074426,0.154621,15.462137,42658.58,0.0,0.0,51.107466,68.084016,96770.0
Belgium,BEL,2023,0.816,0.877,-0.661,1.03,,4.558183,0.0,0.0,42658.58,0.0,0.0,51.107466,68.084016,96770.0
Belgium,BEL,2024,0.805,0.877,-0.34,1.03,,0.0,0.0,0.0,42658.58,0.0,0.0,51.107466,68.084016,96770.0
Canada,CAN,2010,0.763,0.929,-1.366,1.114,100.167,0.0,0.0,0.0,,0.0,0.0,62.912184,50.360057,104068.0
Canada,CAN,2011,0.746,0.929,-1.366,1.114,101.336,0.0,0.0,0.0,,0.0,0.0,62.912184,50.360057,104068.0
Canada,CAN,2012,0.742,0.929,-1.366,1.114,102.114,0.0,0.0,0.0,,0.0,0.0,62.912184,50.360057,104068.0
Canada,CAN,2013,0.746,0.921,-1.366,1.114,102.856,0.0,0.0,0.0,,0.0,0.0,62.912184,50.360057,104068.0
Canada,CAN,2014,0.743,0.928,-1.366,1.114,103.101,0.0,0.0,0.0,,0.0,0.0,62.912184,50.360057,104068.0
Canada,CAN,2015,0.745,0.928,-1.366,1.114,101.801,0.0,0.0,0.0,,0.0,0.0,62.912184,50.360057,104068.0
Canada,CAN,2016,0.765,0.928,-1.366,1.019,101.859,0.0,0.0,0.0,,0.0,0.0,62.912184,50.360057,104068.0
Canada,CAN,2017,0.769,0.927,-1.366,1.019,103.064,0.0,0.0,0.0,,0.0,0.0,62.912184,50.360057,104068.0
Canada,CAN,2018,0.765,0.931,-1.366,1.019,103.69,0.0,0.0,0.0,,0.0,0.0,62.912184,50.360057,104068.0
Canada,CAN,2019,0.768,0.943,-1.116,1.174,104.068,0.0,0.0,0.0,,0.0,0.0,62.912184,50.360057,104068.0
Canada,CAN,2020,0.75,0.906,-0.819,1.174,,5.941565,0.564114,56.411436,44017.59,0.496585,49.65847,62.912184,50.360057,104068.0
Canada,CAN,2021,0.756,0.911,-0.434,1.748,,5.967172,0.694129,69.412932,44017.59,0.510616,51.061644,62.912184,50.360057,104068.0
Canada,CAN,2022,0.749,0.887,-0.069,0.792,,6.172431,0.257108,25.710795,44017.59,0.253082,25.308219,62.912184,50.360057,104068.0
Canada,CAN,2023,0.746,0.887,-0.069,0.792,,5.050305,0.0,0.0,44017.59,0.0,0.0,62.912184,50.360057,104068.0
Canada,CAN,2024,0.744,0.917,-0.389,0.792,,3.120601,0.0,0.0,44017.59,0.0,0.0,62.912184,50.360057,104068.0
Switzerland,CHE,2010,0.851,0.987,-1.77,-0.236,111.685,0.0,0.0,0.0,,0.0,0.0,47.315407,35.160519,109451.0
Switzerland,CHE,2011,0.853,0.987,-1.77,-0.451,113.22,0.0,0.0,0.0,,0.0,0.0,47.315407,35.160519,109451.0
Switzerland,CHE,2012,0.861,0.987,-1.77,-0.451,113.861,0.0,0.0,0.0,,0.0,0.0,47.315407,35.160519,109451.0
Switzerland,CHE,2013,0.861,0.987,-1.77,-0.451,114.302,0.0,0.0,0.0,,0.0,0.0,47.315407,35.160519,109451.0
Switzerland,CHE,2014,0.861,0.987,-1.77,-0.451,113.976,0.0,0.0,0.0,,0.0,0.0,47.315407,35.160519,109451.0
Switzerland,CHE,2015,0.86,0.987,-1.77,-0.451,111.987,0.0,0.0,0.0,,0.0,0.0,47.315407,35.160519,109451.0
Switzerland,CHE,2016,0.858,0.987,-1.77,-0.451,111.666,0.0,0.0,0.0,,0.0,0.0,47.315407,35.160519,109451.0
Switzerland,CHE,2017,0.867,0.987,-1.77,-0.451,111.873,0.0,0.0,0.0,,0.0,0.0,47.315407,35.160519,109451.0
Switzerland,CHE,2018,0.867,0.987,-1.77,-0.451,111.517,0.0,0.0,0.0,,0.0,0.0,47.315407,35.160519,109451.0
Switzerland,CHE,2019,0.866,0.987,-1.592,-0.451,109.451,0.0,0.0,0.0,,0.0,0.0,47.315407,35.160519,109451.0
Switzerland,CHE,2020,0.856,0.983,-1.592,-0.744,,6.706691,0.427525,42.752459,57410.17,0.32821,32.821038,47.315407,35.160519,109451.0
Switzerland,CHE,2021,0.851,0.983,-1.592,-0.744,,6.271801,0.518784,51.878356,57410.17,0.375,37.5,47.315407,35.160519,109451.0
Switzerland,CHE,2022,0.851,0.983,-1.325,-0.744,,5.449664,0.148944,14.894356,57410.17,0.22774,22.773973,47.315407,35.160519,109451.0
Switzerland,CHE,2023,0.841,0.983,-1.325,-1.041,,3.574871,0.0,0.0,57410.17,0.0,0.0,47.315407,35.160519,109451.0
Switzerland,CHE,2024,0.847,0.983,-1.496,-1.041,,0.0,0.0,0.0,57410.17,0.0,0.0,47.315407,35.160519,109451.0
Chile,CHL,2010,0.838,0.947,-1.579,-0.285,46.817,0.0,0.0,0.0,,0.0,0.0,65.258326,57.1995,53121.0
Chile,CHL,2011,0.84,0.947,-1.579,-0.285,48.834,0.0,0.0,0.0,,0.0,0.0,65.258326,57.1995,53121.0
Chile,CHL,2012,0.846,0.953,-1.579,-0.285,50.497,0.0,0.0,0.0,,0.0,0.0,65.258326,57.1995,53121.0
Chile,CHL,2013,0.848,0.969,-1.579,-0.285,51.633,0.0,0.0,0.0,,0.0,0.0,65.258326,57.1995,53121.0
Chile,CHL,2014,0.849,0.968,-1.439,-0.285,51.977,0.0,0.0,0.0,,0.0,0.0,65.258326,57.1995,53121.0
Chile,CHL,2015,0.84,0.964,-1.235,-0.285,51.875,0.0,0.0,0.0,,0.0,0.0,65.258326,57.1995,53121.0
Chile,CHL,2016,0.84,0.964,-1.235,-0.285,51.965,0.0,0.0,0.0,,0.0,0.0,65.258326,57.1995,53121.0
Chile,CHL,2017,0.842,0.964,-1.235,-0.378,52.417,0.0,0.0,0.0,,0.0,0.0,65.258326,57.1995,53121.0
Chile,CHL,2018,0.805,0.905,-0.707,-0.378,52.906,0.0,0.0,0.0,,0.0,0.0,65.258326,57.1995,53121.0
Chile,CHL,2019,0.763,0.916,0.651,-2.413,53.121,0.0,0.0,0.0,,0.0,0.0,65.258326,57.1995,53121.0
Chile,CHL,2020,0.765,0.932,0.233,-1.582,,6.733342,0.65886,65.88605,22767.04,0.568648,56.864754,65.258326,57.1995,53121.0
Chile,CHL,2021,0.777,0.948,0.721,-1.156,,7.053836,0.646306,64.630603,22767.04,0.575342,57.534247,65.258326,57.1995,53121.0
Chile,CHL,2022,0.779,0.944,0.46,-0.879,,7.113452,0.243264,24.326438,22767.04,0.0,0.0,65.258326,57.1995,53121.0
Chile,CHL,2023,0.781,0.944,0.46,-0.568,,4.333099,0.0,0.0,22767.04,0.0,0.0,65.258326,57.1995,53121.0
Chile,CHL,2024,0.787,0.944,-0.452,-0.635,,0.0,0.0,0.0,22767.04,0.0,0.0,65.258326,57.1995,53121.0
Colombia,COL,2010,0.501,0.819,1.018,-1.359,26.384,0.0,0.0,0.0,,0.0,0.0,62.451451,65.194532,30629.0
Colombia,COL,2011,0.542,0.843,0.785,-2.125,27.605,0.0,0.0,0.0,,0.0,0.0,62.451451,65.194532,30629.0
Colombia,COL,2012,0.544,0.849,0.785,-2.125,28.524,0.0,0.0,0.0,,0.0,0.0,62.451451,65.194532,30629.0
Colombia,COL,2013,0.542,0.829,0.785,-2.125,29.332,0.0,0.0,0.0,,0.0,0.0,62.451451,65.194532,30629.0
Colombia,COL,2014,0.553,0.829,0.892,-2.125,29.842,0.0,0.0,0.0,,0.0,0.0,62.451451,65.194532,30629.0
Colombia,COL,2015,0.557,0.829,0.892,-2.232,29.911,0.0,0.0,0.0,,0.0,0.0,62.451451,65.194532,30629.0
Colombia,COL,2016,0.557,0.827,0.892,-2.232,30.027,0.0,0.0,0.0,,0.0,0.0,62.451451,65.194532,30629.0
Colombia,COL,2017,0.554,0.835,0.892,-2.232,30.236,0.0,0.0,0.0,,0.0,0.0,62.451451,65.194532,30629.0
Colombia,COL,2018,0.538,0.831,1.02,-2.232,30.46,0.0,0.0,0.0,,0.0,0.0,62.451451,65.194532,30629.0
Colombia,COL,2019,0.515,0.82,1.02,-2.232,30.629,0.0,0.0,0.0,,0.0,0.0,62.451451,65.194532,30629.0
Colombia,COL,2020,0.497,0.824,1.205,-2.232,,6.693063,0.63893,63.892983,13254.95,0.579918,57.991803,62.451451,65.194532,30629.0
Colombia,COL,2021,0.502,0.824,1.054,-2.018,,7.439442,0.610099,61.009918,13254.95,0.723973,72.39726,62.451451,65.194532,30629.0
Colombia,COL,2022,0.559,0.81,0.687,-0.892,,5.482637,0.277565,27.756493,13254.95,0.132534,13.253425,62.451451,65.194532,30629.0
Colombia,COL,2023,0.571,0.814,0.687,-1.601,,2.608598,0.0,0.0,13254.95,0.0,0.0,62.451451,65.194532,30629.0
Colombia,COL,2024,0.557,0.84,1.867,-2.347,,0.0,0.0,0.0,13254.95,0.0,0.0,62.451451,65.194532,30629.0
Costa Rica,CRI,2010,0.859,0.954,-1.381,0.514,30.585,0.0,0.0,0.0,,0.0,0.0,55.661268,36.831724,37622.0
Costa Rica,CRI,2011,0.861,0.954,-1.381,0.514,31.39,0.0,0.0,0.0,,0.0,0.0,55.661268,36.831724,37622.0
Costa Rica,CRI,2012,0.859,0.954,-1.381,0.514,32.131,0.0,0.0,0.0,,0.0,0.0,55.661268,36.831724,37622.0
Costa Rica,CRI,2013,0.854,0.954,-1.381,0.514,32.678,0.0,0.0,0.0,,0.0,0.0,55.661268,36.831724,37622.0
Costa Rica,CRI,2014,0.856,0.954,-1.381,0.514,33.275,0.0,0.0,0.0,,0.0,0.0,55.661268,36.831724,37622.0
Costa Rica,CRI,2015,0.854,0.954,-1.381,0.514,33.767,0.0,0.0,0.0,,0.0,0.0,55.661268,36.831724,37622.0
Costa Rica,CRI,2016,0.855,0.954,-1.381,0.514,34.835,0.0,0.0,0.0,,0.0,0.0,55.661268,36.831724,37622.0
Costa Rica,CRI,2017,0.852,0.954,-1.381,0.41,36.125,0.0,0.0,0.0,,0.0,0.0,55.661268,36.831724,37622.0
Costa Rica,CRI,2018,0.836,0.954,-1.381,0.322,36.999,0.0,0.0,0.0,,0.0,0.0,55.661268,36.831724,37622.0
Costa Rica,CRI,2019,0.843,0.954,-1.381,0.593,37.622,0.0,0.0,0.0,,0.0,0.0,55.661268,36.831724,37622.0
Costa Rica,CRI,2020,0.848,0.954,-1.381,0.696,,6.027869,0.549953,54.995276,15525.0,0.378415,37.84153,55.661268,36.831724,37622.0
Costa Rica,CRI,2021,0.844,0.954,-1.717,0.936,,6.940532,0.563273,56.32726,15525.0,0.358219,35.821918,55.661268,36.831724,37622.0
Costa Rica,CRI,2022,0.809,0.952,-0.695,0.149,,5.829122,0.191694,19.16937,15525.0,0.117123,11.712329,55.661268,36.831724,37622.0
Costa Rica,CRI,2023,0.805,0.952,-0.695,0.149,,4.074992,0.0,0.0,15525.0,0.0,0.0,55.661268,36.831724,37622.0
Costa Rica,CRI,2024,0.805,0.952,-0.695,0.149,,0.779325,0.0,0.0,15525.0,0.0,0.0,55.661268,36.831724,37622.0
Czechia,CZE,2010,0.81,0.89,-1.731,0.734,63.025,0.0,0.0,0.0,,0.0,0.0,50.221241,62.611722,75901.0
Czechia,CZE,2011,0.814,0.886,-1.731,0.734,63.703,0.0,0.0,0.0,,0.0,0.0,50.221241,62.611722,75901.0
Czechia,CZE,2012,0.819,0.91,-1.731,0.734,63.92,0.0,0.0,0.0,,0.0,0.0,50.221241,62.611722,75901.0
Czechia,CZE,2013,0.788,0.907,-1.357,0.705,64.522,0.0,0.0,0.0,,0.0,0.0,50.221241,62.611722,75901.0
Czechia,CZE,2014,0.776,0.899,-1.357,0.478,65.803,0.0,0.0,0.0,,0.0,0.0,50.221241,62.611722,75901.0
Czechia,CZE,2015,0.776,0.899,-1.521,0.478,67.463,0.0,0.0,0.0,,0.0,0.0,50.221241,62.611722,75901.0
Czechia,CZE,2016,0.773,0.899,-1.521,0.39,69.539,0.0,0.0,0.0,,0.0,0.0,50.221241,62.611722,75901.0
Czechia,CZE,2017,0.741,0.86,-1.521,0.262,72.427,0.0,0.0,0.0,,0.0,0.0,50.221241,62.611722,75901.0
Czechia,CZE,2018,0.717,0.851,-1.345,0.262,74.617,0.0,0.0,0.0,,0.0,0.0,50.221241,62.611722,75901.0
Czechia,CZE,2019,0.712,0.851,-1.345,0.58,75.901,0.0,0.0,0.0,,0.0,0.0,50.221241,62.611722,75901.0
Czechia,CZE,2020,0.719,0.868,-0.66,0.66,,6.971669,0.45272,45.272044,32605.91,0.559426,55.942623,50.221241,62.611722,75901.0
Czechia,CZE,2021,0.706,0.85,-0.284,0.496,,7.74405,0.551704,55.170438,32605.91,0.692808,69.280822,50.221241,62.611722,75901.0
Czechia,CZE,2022,0.789,0.883,-0.557,0.365,,6.351863,0.184994,18.499425,32605.91,0.240411,24.041096,50.221241,62.611722,75901.0
Czechia,CZE,2023,0.801,0.876,-0.354,0.296,,4.775588,0.0,0.0,32605.91,0.0,0.0,50.221241,62.611722,75901.0
Czechia,CZE,2024,0.817,0.953,-0.416,0.379,,2.742774,0.0,0.0,32605.91,0.0,0.0,50.221241,62.611722,75901.0
Germany,DEU,2010,0.862,0.952,-2.446,2.329,93.049,0.0,0.0,0.0,,0.0,0.0,56.813035,36.629098,100560.0
Germany,DEU,2011,0.867,0.952,-2.446,2.329,95.57,0.0,0.0,0.0,,0.0,0.0,56.813035,36.629098,100560.0
Germany,DEU,2012,0.867,0.952,-2.446,2.329,96.673,0.0,0.0,0.0,,0.0,0.0,56.813035,36.629098,100560.0
Germany,DEU,2013,0.854,0.952,-2.446,1.794,97.564,0.0,0.0,0.0,,0.0,0.0,56.813035,36.629098,100560.0
Germany,DEU,2014,0.847,0.952,-2.446,1.794,98.126,0.0,0.0,0.0,,0.0,0.0,56.813035,36.629098,100560.0
Germany,DEU,2015,0.847,0.952,-2.063,1.225,97.654,0.0,0.0,0.0,,0.0,0.0,56.813035,36.629098,100560.0
Germany,DEU,2016,0.85,0.952,-1.475,0.879,98.286,0.0,0.0,0.0,,0.0,0.0,56.813035,36.629098,100560.0
Germany,DEU,2017,0.843,0.919,-0.708,0.31,99.729,0.0,0.0,0.0,,0.0,0.0,56.813035,36.629098,100560.0
Germany,DEU,2018,0.834,0.919,-0.708,0.31,100.587,0.0,0.0,0.0,,0.0,0.0,56.813035,36.629098,100560.0
Germany,DEU,2019,0.836,0.919,-0.708,0.136,100.56,0.0,0.0,0.0,,0.0,0.0,56.813035,36.629098,100560.0
Germany,DEU,2020,0.824,0.919,-0.918,0.136,,6.328044,0.523853,52.385304,45229.24,0.357582,35.758197,56.813035,36.629098,100560.0
Germany,DEU,2021,0.816,0.919,-0.582,0.042,,6.735305,0.612408,61.240767,45229.24,0.375,37.5,56.813035,36.629098,100560.0
Germany,DEU,2022,0.805,0.919,-0.795,0.391,,6.349821,0.190515,19.051507,45229.24,0.952055,95.205479,56.813035,36.629098,100560.0
Germany,DEU,2023,0.812,0.95,-0.454,0.424,,4.708629,0.0,0.0,45229.24,0.0,0.0,56.813035,36.629098,100560.0
Germany,DEU,2024,0.792,0.936,-0.185,-0.295,,0.0,0.0,0.0,45229.24,0.0,0.0,56.813035,36.629098,100560.0
Denmark,DNK,2010,0.897,0.989,-3.26,2.144,101.478,0.0,0.0,0.0,,0.0,0.0,46.541469,50.11322,108005.0
Denmark,DNK,2011,0.896,0.989,-3.26,2.144,102.051,0.0,0.0,0.0,,0.0,0.0,46.541469,50.11322,108005.0
Denmark,DNK,2012,0.897,0.989,-3.26,2.144,102.151,0.0,0.0,0.0,,0.0,0.0,46.541469,50.11322,108005.0
Denmark,DNK,2013,0.896,0.989,-3.26,2.144,102.416,0.0,0.0,0.0,,0.0,0.0,46.541469,50.11322,108005.0
Denmark,DNK,2014,0.896,0.989,-3.26,2.144,102.553,0.0,0.0,0.0,,0.0,0.0,46.541469,50.11322,108005.0
Denmark,DNK,2015,0.896,0.989,-3.26,2.144,101.711,0.0,0.0,0.0,,0.0,0.0,46.541469,50.11322,108005.0
Denmark,DNK,2016,0.894,0.989,-3.26,1.94,102.662,0.0,0.0,0.0,,0.0,0.0,46.541469,50.11322,108005.0
Denmark,DNK,2017,0.893,0.985,-3.26,1.94,104.979,0.0,0.0,0.0,,0.0,0.0,46.541469,50.11322,108005.0
Denmark,DNK,2018,0.893,0.985,-3.26,1.94,106.803,0.0,0.0,0.0,,0.0,0.0,46.541469,50.11322,108005.0
Denmark,DNK,2019,0.889,0.985,-3.26,2.248,108.005,0.0,0.0,0.0,,0.0,0.0,46.541469,50.11322,108005.0
Denmark,DNK,2020,0.886,0.987,-3.26,2.248,,5.284928,0.468773,46.877348,46682.52,0.673497,67.349727,46.541469,50.11322,108005.0
Denmark,DNK,2021,0.887,0.985,-2.19,2.248,,5.84719,0.462056,46.205589,46682.52,0.328767,32.876712,46.541469,50.11322,108005.0
Denmark,DNK,2022,0.89,0.987,-1.651,2.248,,6.641025,0.133348,13.334822,46682.52,0.0,0.0,46.541469,50.11322,108005.0
Denmark,DNK,2023,0.884,0.988,-1.651,2.248,,5.712775,0.0,0.0,46682.52,0.0,0.0,46.541469,50.11322,108005.0
Denmark,DNK,2024,0.883,0.984,-1.651,2.248,,3.5522,0.0,0.0,46682.52,0.0,0.0,46.541469,50.11322,108005.0
Spain,ESP,2010,0.822,0.969,-1.227,0.109,74.152,0.0,0.0,0.0,,0.0,0.0,56.165852,77.766393,81503.0
Spain,ESP,2011,0.822,0.965,-1.227,0.109,73.011,0.0,0.0,0.0,,0.0,0.0,56.165852,77.766393,81503.0
Spain,ESP,2012,0.805,0.937,-0.621,0.213,71.805,0.0,0.0,0.0,,0.0,0.0,56.165852,77.766393,81503.0
Spain,ESP,2013,0.776,0.932,-0.621,0.213,71.299,0.0,0.0,0.0,,0.0,0.0,56.165852,77.766393,81503.0
Spain,ESP,2014,0.776,0.932,-0.621,-0.06,71.722,0.0,0.0,0.0,,0.0,0.0,56.165852,77.766393,81503.0
Spain,ESP,2015,0.762,0.932,-0.565,-0.356,72.38,0.0,0.0,0.0,,0.0,0.0,56.165852,77.766393,81503.0
Spain,ESP,2016,0.767,0.944,-0.565,-0.889,75.014,0.0,0.0,0.0,,0.0,0.0,56.165852,77.766393,81503.0
Spain,ESP,2017,0.756,0.942,-0.565,-1.116,78.042,0.0,0.0,0.0,,0.0,0.0,56.165852,77.766393,81503.0
Spain,ESP,2018,0.776,0.947,-0.565,-1.503,79.879,0.0,0.0,0.0,,0.0,0.0,56.165852,77.766393,81503.0
Spain,ESP,2019,0.802,0.966,-0.565,-1.503,81.503,0.0,0.0,0.0,,0.0,0.0,56.165852,77.766393,81503.0
Spain,ESP,2020,0.788,0.966,-0.372,-2.196,,7.029336,0.56894,56.89395,34272.36,0.680328,68.032787,56.165852,77.766393,81503.0
Spain,ESP,2021,0.778,0.975,0.016,-2.196,,6.660716,0.554378,55.437753,34272.36,0.875,87.5,56.165852,77.766393,81503.0
Spain,ESP,2022,0.785,0.953,0.016,-2.575,,6.362131,0.23136,23.136,34272.36,0.309247,30.924658,56.165852,77.766393,81503.0
Spain,ESP,2023,0.763,0.944,0.179,-2.575,,4.124227,0.0,0.0,34272.36,0.0,0.0,56.165852,77.766393,81503.0
Spain,ESP,2024,0.745,0.94,0.179,-1.503,,0.0,0.0,0.0,34272.36,0.0,0.0,56.165852,77.766393,81503.0
Estonia,EST,2010,0.832,0.955,-1.477,2.313,51.205,0.0,0.0,0.0,,0.0,0.0,37.454133,39.763642,68392.0
Estonia,EST,2011,0.831,0.955,-1.917,2.313,53.327,0.0,0.0,0.0,,0.0,0.0,37.454133,39.763642,68392.0
Estonia,EST,2012,0.83,0.955,-1.987,2.313,55.309,0.0,0.0,0.0,,0.0,0.0,37.454133,39.763642,68392.0
Estonia,EST,2013,0.836,0.955,-1.987,1.98,56.85,0.0,0.0,0.0,,0.0,0.0,37.454133,39.763642,68392.0
Estonia,EST,2014,0.839,0.955,-1.987,1.98,58.191,0.0,0.0,0.0,,0.0,0.0,37.454133,39.763642,68392.0
Estonia,EST,2015,0.847,0.955,-1.671,1.617,59.072,0.0,0.0,0.0,,0.0,0.0,37.454133,39.763642,68392.0
Estonia,EST,2016,0.862,0.955,-1.671,1.239,60.862,0.0,0.0,0.0,,0.0,0.0,37.454133,39.763642,68392.0
Estonia,EST,2017,0.861,0.955,-1.016,1.239,64.074,0.0,0.0,0.0,,0.0,0.0,37.454133,39.763642,68392.0
Estonia,EST,2018,0.862,0.955,-1.016,0.965,66.592,0.0,0.0,0.0,,0.0,0.0,37.454133,39.763642,68392.0
Estonia,EST,2019,0.849,0.947,-0.578,0.047,68.392,0.0,0.0,0.0,,0.0,0.0,37.454133,39.763642,68392.0
Estonia,EST,2020,0.843,0.933,-0.488,0.321,,5.353563,0.367856,36.785608,29481.25,0.47541,47.540984,37.454133,39.763642,68392.0
Estonia,EST,2021,0.855,0.963,0.069,0.236,,7.042828,0.381227,38.122658,29481.25,0.319863,31.986301,37.454133,39.763642,68392.0
Estonia,EST,2022,0.854,0.969,-0.214,0.597,,6.50261,0.215367,21.536712,29481.25,0.616438,61.643836,37.454133,39.763642,68392.0
Estonia,EST,2023,0.849,0.967,-1.088,0.597,,5.206586,0.0,0.0,29481.25,0.0,0.0,37.454133,39.763642,68392.0
Estonia,EST,2024,0.85,0.968,-1.174,0.597,,3.008648,0.0,0.0,29481.25,0.0,0.0,37.454133,39.763642,68392.0
Finland,FIN,2010,0.843,0.971,-1.669,2.878,86.927,0.0,0.0,0.0,,0.0,0.0,40.80634,64.54918,87580.0
Finland,FIN,2011,0.844,0.971,-1.318,2.578,87.242,0.0,0.0,0.0,,0.0,0.0,40.80634,64.54918,87580.0
Finland,FIN,2012,0.844,0.971,-1.318,2.578,86.45,0.0,0.0,0.0,,0.0,0.0,40.80634,64.54918,87580.0
Finland,FIN,2013,0.856,0.981,-1.318,2.578,85.403,0.0,0.0,0.0,,0.0,0.0,40.80634,64.54918,87580.0
Finland,FIN,2014,0.856,0.981,-1.318,2.578,84.542,0.0,0.0,0.0,,0.0,0.0,40.80634,64.54918,87580.0
Finland,FIN,2015,0.83,0.978,-1.318,2.578,83.385,0.0,0.0,0.0,,0.0,0.0,40.80634,64.54918,87580.0
Finland,FIN,2016,0.829,0.978,-1.318,2.578,83.965,0.0,0.0,0.0,,0.0,0.0,40.80634,64.54918,87580.0
Finland,FIN,2017,0.839,0.978,-1.318,2.578,86.079,0.0,0.0,0.0,,0.0,0.0,40.80634,64.54918,87580.0
Finland,FIN,2018,0.846,0.983,-1.318,2.578,87.168,0.0,0.0,0.0,,0.0,0.0,40.80634,64.54918,87580.0
Finland,FIN,2019,0.842,0.978,-1.318,2.393,87.58,0.0,0.0,0.0,,0.0,0.0,40.80634,64.54918,87580.0
Finland,FIN,2020,0.842,0.981,-1.318,2.578,,4.718142,0.391595,39.159475,40585.72,0.540984,54.098361,40.80634,64.54918,87580.0
Finland,FIN,2021,0.836,0.981,-1.498,2.086,,5.392263,0.424532,42.453205,40585.72,0.75,75.0,40.80634,64.54918,87580.0
Finland,FIN,2022,0.833,0.976,-1.042,2.416,,7.117303,0.163562,16.356192,40585.72,0.5,50.0,40.80634,64.54918,87580.0
Finland,FIN,2023,0.825,0.983,-1.297,1.126,,6.189475,0.0,0.0,40585.72,0.0,0.0,40.80634,64.54918,87580.0
Finland,FIN,2024,0.802,0.976,-1.297,0.703,,2.435366,0.0,0.0,40585.72,0.0,0.0,40.80634,64.54918,87580.0
France,FRA,2010,0.814,0.926,-0.291,-0.864,87.975,0.0,0.0,0.0,,0.0,0.0,53.785684,50.227656,91636.0
France,FRA,2011,0.815,0.926,-0.197,-0.864,88.543,0.0,0.0,0.0,,0.0,0.0,53.785684,50.227656,91636.0
France,FRA,2012,0.818,0.926,0.305,-0.864,88.64,0.0,0.0,0.0,,0.0,0.0,53.785684,50.227656,91636.0
France,FRA,2013,0.82,0.932,0.305,-0.864,88.718,0.0,0.0,0.0,,0.0,0.0,53.785684,50.227656,91636.0
France,FRA,2014,0.82,0.932,0.305,-0.864,88.267,0.0,0.0,0.0,,0.0,0.0,53.785684,50.227656,91636.0
France,FRA,2015,0.813,0.932,0.305,-0.957,87.435,0.0,0.0,0.0,,0.0,0.0,53.785684,50.227656,91636.0
France,FRA,2016,0.813,0.932,0.305,-0.957,87.842,0.0,0.0,0.0,,0.0,0.0,53.785684,50.227656,91636.0
France,FRA,2017,0.815,0.932,0.305,-0.957,89.675,0.0,0.0,0.0,,0.0,0.0,53.785684,50.227656,91636.0
France,FRA,2018,0.797,0.932,0.305,-0.957,90.691,0.0,0.0,0.0,,0.0,0.0,53.785684,50.227656,91636.0
France,FRA,2019,0.793,0.932,0.467,-0.897,91.636,0.0,0.0,0.0,,0.0,0.0,53.785684,50.227656,91636.0
France,FRA,2020,0.789,0.932,0.293,-0.75,,6.897129,0.54893,54.893039,38605.67,0.588115,58.811475,53.785684,50.227656,91636.0
France,FRA,2021,0.788,0.932,0.724,-0.937,,6.850412,0.526783,52.678329,38605.67,0.416438,41.643836,53.785684,50.227656,91636.0
France,FRA,2022,0.808,0.932,0.724,-0.937,,6.370654,0.198133,19.81326,38605.67,0.049315,4.931507,53.785684,50.227656,91636.0
France,FRA,2023,0.81,0.932,0.942,-0.937,,4.607767,0.0,0.0,38605.67,0.0,0.0,53.785684,50.227656,91636.0
France,FRA,2024,0.799,0.932,1.439,-1.52,,0.524729,0.0,0.0,38605.67,0.0,0.0,53.785684,50.227656,91636.0
United Kingdom,GBR,2010,0.803,0.909,-0.76,-0.259,85.428,0.0,0.0,0.0,,0.0,0.0,57.676606,79.789748,96727.0
United Kingdom,GBR,2011,0.803,0.909,-0.76,-0.259,85.723,0.0,0.0,0.0,,0.0,0.0,57.676606,79.789748,96727.0
United Kingdom,GBR,2012,0.804,0.912,-0.76,-0.259,86.251,0.0,0.0,0.0,,0.0,0.0,57.676606,79.789748,96727.0
United Kingdom,GBR,2013,0.799,0.924,-0.76,-0.259,87.336,0.0,0.0,0.0,,0.0,0.0,57.676606,79.789748,96727.0
United Kingdom,GBR,2014,0.8,0.924,-0.76,-0.462,88.033,0.0,0.0,0.0,,0.0,0.0,57.676606,79.789748,96727.0
United Kingdom,GBR,2015,0.791,0.924,-0.76,-0.462,87.542,0.0,0.0,0.0,,0.0,0.0,57.676606,79.789748,96727.0
United Kingdom,GBR,2016,0.788,0.924,-0.76,-1.025,90.592,0.0,0.0,0.0,,0.0,0.0,57.676606,79.789748,96727.0
United Kingdom,GBR,2017,0.804,0.924,-0.075,-1.025,93.761,0.0,0.0,0.0,,0.0,0.0,57.676606,79.789748,96727.0
United Kingdom,GBR,2018,0.809,0.924,-0.075,-1.025,95.499,0.0,0.0,0.0,,0.0,0.0,57.676606,79.789748,96727.0
United Kingdom,GBR,2019,0.787,0.916,-0.075,-0.871,96.727,0.0,0.0,0.0,,0.0,0.0,57.676606,79.789748,96727.0
United Kingdom,GBR,2020,0.8,0.926,-0.075,-0.742,,7.191444,0.575376,57.537569,39753.24,0.784836,78.483607,57.676606,79.789748,96727.0
United Kingdom,GBR,2021,0.782,0.926,0.076,-0.344,,7.137072,0.578156,57.815644,39753.24,0.810959,81.09589,57.676606,79.789748,96727.0
United Kingdom,GBR,2022,0.766,0.93,-0.069,-0.626,,6.355674,0.144443,14.444301,39753.24,0.107534,10.753425,57.676606,79.789748,96727.0
United Kingdom,GBR,2023,0.768,0.911,-0.239,-0.479,,5.509064,0.0,0.0,39753.24,0.0,0.0,57.676606,79.789748,96727.0
United Kingdom,GBR,2024,0.752,0.941,-0.239,-0.149,,0.0,0.0,0.0,39753.24,0.0,0.0,57.676606,79.789748,96727.0
Greece,GRC,2010,0.814,0.843,-0.893,-0.629,60.574,0.0,0.0,0.0,,0.0,0.0,63.693093,71.909153,53067.0
Greece,GRC,2011,0.817,0.846,-0.893,-1.12,57.0,0.0,0.0,0.0,,0.0,0.0,63.693093,71.909153,53067.0
Greece,GRC,2012,0.808,0.847,-0.893,-1.12,54.296,0.0,0.0,0.0,,0.0,0.0,63.693093,71.909153,53067.0
Greece,GRC,2013,0.796,0.866,-0.893,-1.12,53.053,0.0,0.0,0.0,,0.0,0.0,63.693093,71.909153,53067.0
Greece,GRC,2014,0.8,0.877,-0.71,-1.12,52.351,0.0,0.0,0.0,,0.0,0.0,63.693093,71.909153,53067.0
Greece,GRC,2015,0.782,0.84,-0.468,-1.12,51.566,0.0,0.0,0.0,,0.0,0.0,63.693093,71.909153,53067.0
Greece,GRC,2016,0.777,0.842,-0.468,-1.12,51.508,0.0,0.0,0.0,,0.0,0.0,63.693093,71.909153,53067.0
Greece,GRC,2017,0.775,0.842,-0.627,-1.12,52.321,0.0,0.0,0.0,,0.0,0.0,63.693093,71.909153,53067.0
Greece,GRC,2018,0.77,0.868,-0.681,-1.12,52.793,0.0,0.0,0.0,,0.0,0.0,63.693093,71.909153,53067.0
Greece,GRC,2019,0.764,0.86,-1.337,-1.041,53.067,0.0,0.0,0.0,,0.0,0.0,63.693093,71.909153,53067.0
Greece,GRC,2020,0.67,0.847,-1.341,-0.572,,6.110691,0.55116,55.115994,24574.38,0.563183,56.318306,63.693093,71.909153,53067.0
Greece,GRC,2021,0.636,0.847,-1.341,-0.572,,7.326873,0.722702,72.270192,24574.38,0.875,87.5,63.693093,71.909153,53067.0
Greece,GRC,2022,0.61,0.788,-1.341,-0.572,,7.23762,0.308445,30.844493,24574.38,0.993836,99.383562,63.693093,71.909153,53067.0
Greece,GRC,2023,0.584,0.802,-1.341,-0.572,,5.804683,0.0,0.0,24574.38,0.0,0.0,63.693093,71.909153,53067.0
Greece,GRC,2024,0.576,0.789,-1.341,-0.572,,4.39913,0.0,0.0,24574.38,0.0,0.0,63.693093,71.909153,53067.0
Hungary,HUN,2010,0.676,0.831,2.331,-2.871,44.881,0.0,0.0,0.0,,0.0,0.0,47.946332,43.00116,54310.0
Hungary,HUN,2011,0.642,0.814,2.451,-2.871,45.346,0.0,0.0,0.0,,0.0,0.0,47.946332,43.00116,54310.0
Hungary,HUN,2012,0.619,0.763,2.451,-2.871,45.596,0.0,0.0,0.0,,0.0,0.0,47.946332,43.00116,54310.0
Hungary,HUN,2013,0.564,0.739,2.451,-2.871,46.461,0.0,0.0,0.0,,0.0,0.0,47.946332,43.00116,54310.0
Hungary,HUN,2014,0.518,0.742,2.451,-2.871,47.48,0.0,0.0,0.0,,0.0,0.0,47.946332,43.00116,54310.0
Hungary,HUN,2015,0.478,0.742,2.451,-2.871,48.163,0.0,0.0,0.0,,0.0,0.0,47.946332,43.00116,54310.0
Hungary,HUN,2016,0.471,0.75,1.792,-2.871,49.432,0.0,0.0,0.0,,0.0,0.0,47.946332,43.00116,54310.0
Hungary,HUN,2017,0.435,0.747,2.453,-2.871,51.752,0.0,0.0,0.0,,0.0,0.0,47.946332,43.00116,54310.0
Hungary,HUN,2018,0.373,0.729,2.453,-2.871,53.521,0.0,0.0,0.0,,0.0,0.0,47.946332,43.00116,54310.0
Hungary,HUN,2019,0.364,0.713,2.453,-2.871,54.31,0.0,0.0,0.0,,0.0,0.0,47.946332,43.00116,54310.0
Hungary,HUN,2020,0.358,0.692,2.453,-2.871,,6.84075,0.476942,47.694227,26777.56,0.46653,46.653005,47.946332,43.00116,54310.0
Hungary,HUN,2021,0.345,0.693,2.453,-2.871,,8.013803,0.481984,48.198438,26777.56,0.393493,39.349315,47.946332,43.00116,54310.0
Hungary,HUN,2022,0.335,0.618,2.527,-2.871,,6.953894,0.142281,14.228137,26777.56,0.431507,43.150685,47.946332,43.00116,54310.0
Hungary,HUN,2023,0.323,0.632,2.527,-2.871,,4.060443,0.0,0.0,26777.56,0.0,0.0,47.946332,43.00116,54310.0
Hungary,HUN,2024,0.318,0.616,2.527,-2.871,,2.00283,0.0,0.0,26777.56,0.0,0.0,47.946332,43.00116,54310.0
Ireland,IRL,2010,0.828,0.952,-3.375,1.062,105.318,0.0,0.0,0.0,,0.0,0.0,57.862487,87.704918,149770.0
Ireland,IRL,2011,0.823,0.952,-3.375,0.624,105.286,0.0,0.0,0.0,,0.0,0.0,57.862487,87.704918,149770.0
Ireland,IRL,2012,0.822,0.952,-3.375,0.624,105.19,0.0,0.0,0.0,,0.0,0.0,57.862487,87.704918,149770.0
Ireland,IRL,2013,0.826,0.952,-3.375,0.624,107.468,0.0,0.0,0.0,,0.0,0.0,57.862487,87.704918,149770.0
Ireland,IRL,2014,0.825,0.952,-2.926,0.624,113.232,0.0,0.0,0.0,,0.0,0.0,57.862487,87.704918,149770.0
Ireland,IRL,2015,0.826,0.952,-2.926,0.449,121.649,0.0,0.0,0.0,,0.0,0.0,57.862487,87.704918,149770.0
Ireland,IRL,2016,0.819,0.952,-2.926,0.449,128.992,0.0,0.0,0.0,,0.0,0.0,57.862487,87.704918,149770.0
Ireland,IRL,2017,0.822,0.957,-2.926,0.449,138.47,0.0,0.0,0.0,,0.0,0.0,57.862487,87.704918,149770.0
Ireland,IRL,2018,0.825,0.957,-2.926,0.449,145.837,0.0,0.0,0.0,,0.0,0.0,57.862487,87.704918,149770.0
Ireland,IRL,2019,0.827,0.957,-3.17,0.449,149.77,0.0,0.0,0.0,,0.0,0.0,57.862487,87.704918,149770.0
Ireland,IRL,2020,0.827,0.957,-2.496,0.279,,6.080848,0.571685,57.168453,67335.29,0.754098,75.409836,57.862487,87.704918,149770.0
Ireland,IRL,2021,0.835,0.957,-2.496,0.279,,6.619179,0.585565,58.556521,67335.29,1.0,100.0,57.862487,87.704918,149770.0
Ireland,IRL,2022,0.826,0.957,-2.496,0.279,,6.147057,0.124903,12.490301,67335.29,0.410959,41.09589,57.862487,87.704918,149770.0
Ireland,IRL,2023,0.829,0.957,-2.496,0.468,,5.296466,0.0,0.0,67335.29,0.0,0.0,57.862487,87.704918,149770.0
Ireland,IRL,2024,0.83,0.957,-2.496,0.468,,4.062854,0.0,0.0,67335.29,0.0,0.0,57.862487,87.704918,149770.0
Iceland,ISL,2010,0.8,0.945,1.159,2.179,97.155,0.0,0.0,0.0,,0.0,0.0,38.947126,85.665095,115552.0
Iceland,ISL,2011,0.797,0.936,0.342,2.179,97.006,0.0,0.0,0.0,,0.0,0.0,38.947126,85.665095,115552.0
Iceland,ISL,2012,0.796,0.944,0.342,2.179,97.751,0.0,0.0,0.0,,0.0,0.0,38.947126,85.665095,115552.0
Iceland,ISL,2013,0.779,0.944,-0.35,2.179,99.516,0.0,0.0,0.0,,0.0,0.0,38.947126,85.665095,115552.0
Iceland,ISL,2014,0.778,0.944,-0.35,2.179,101.19,0.0,0.0,0.0,,0.0,0.0,38.947126,85.665095,115552.0
Iceland,ISL,2015,0.782,0.944,-0.35,2.179,102.96,0.0,0.0,0.0,,0.0,0.0,38.947126,85.665095,115552.0
Iceland,ISL,2016,0.779,0.944,-0.35,2.179,106.722,0.0,0.0,0.0,,0.0,0.0,38.947126,85.665095,115552.0
Iceland,ISL,2017,0.782,0.944,-1.65,2.179,110.969,0.0,0.0,0.0,,0.0,0.0,38.947126,85.665095,115552.0
Iceland,ISL,2018,0.795,0.944,-1.65,2.179,113.604,0.0,0.0,0.0,,0.0,0.0,38.947126,85.665095,115552.0
Iceland,ISL,2019,0.781,0.944,-1.65,2.179,115.552,0.0,0.0,0.0,,0.0,0.0,38.947126,85.665095,115552.0
Iceland,ISL,2020,0.785,0.949,-1.188,0.512,,4.312275,0.398374,39.837376,46482.96,0.769809,76.980874,38.947126,85.665095,115552.0
Iceland,ISL,2021,0.749,0.946,-1.188,0.512,,3.205182,0.380569,38.056877,46482.96,0.943493,94.349315,38.947126,85.665095,115552.0
Iceland,ISL,2022,0.742,0.946,-1.188,0.512,,5.973122,0.143588,14.358795,46482.96,0.450685,45.068493,38.947126,85.665095,115552.0
Iceland,ISL,2023,0.755,0.946,-1.188,0.512,,0.0,0.0,0.0,46482.96,0.0,0.0,38.947126,85.665095,115552.0
Iceland,ISL,2024,0.759,0.952,-0.664,0.512,,0.0,0.0,0.0,46482.96,0.0,0.0,38.947126,85.665095,115552.0
Israel,ISR,2010,0.672,0.899,0.35,-0.771,72.536,0.0,0.0,0.0,,0.0,0.0,55.224817,73.702186,82950.0
Israel,ISR,2011,0.672,0.899,0.35,-0.771,73.912,0.0,0.0,0.0,,0.0,0.0,55.224817,73.702186,82950.0
Israel,ISR,2012,0.678,0.899,0.35,-0.771,74.936,0.0,0.0,0.0,,0.0,0.0,55.224817,73.702186,82950.0
Israel,ISR,2013,0.663,0.899,0.35,-0.771,76.205,0.0,0.0,0.0,,0.0,0.0,55.224817,73.702186,82950.0
Israel,ISR,2014,0.663,0.899,0.35,-0.771,76.918,0.0,0.0,0.0,,0.0,0.0,55.224817,73.702186,82950.0
Israel,ISR,2015,0.656,0.902,0.35,-0.771,77.162,0.0,0.0,0.0,,0.0,0.0,55.224817,73.702186,82950.0
Israel,ISR,2016,0.649,0.889,0.35,-0.771,78.353,0.0,0.0,0.0,,0.0,0.0,55.224817,73.702186,82950.0
Israel,ISR,2017,0.637,0.886,0.35,-0.771,80.292,0.0,0.0,0.0,,0.0,0.0,55.224817,73.702186,82950.0
Israel,ISR,2018,0.632,0.897,1.019,-0.771,81.686,0.0,0.0,0.0,,0.0,0.0,55.224817,73.702186,82950.0
Israel,ISR,2019,0.625,0.865,1.019,-0.771,82.95,0.0,0.0,0.0,,0.0,0.0,55.224817,73.702186,82950.0
Israel,ISR,2020,0.641,0.878,1.019,-0.771,,5.878128,0.586888,58.68884,33132.32,0.724044,72.404372,55.224817,73.702186,82950.0
Israel,ISR,2021,0.654,0.878,1.019,-1.318,,6.312188,0.517608,51.760795,33132.32,0.75,75.0,55.224817,73.702186,82950.0
Israel,ISR,2022,0.653,0.921,1.019,-1.318,,6.02994,0.200015,20.001534,33132.32,0.75,75.0,55.224817,73.702186,82950.0
Israel,ISR,2023,0.63,0.899,1.019,-1.318,,4.32823,0.0,0.0,33132.32,0.0,0.0,55.224817,73.702186,82950.0
Israel,ISR,2024,0.617,0.884,-0.019,-1.318,,0.0,0.0,0.0,33132.32,0.0,0.0,55.224817,73.702186,82950.0
Italy,ITA,2010,0.775,0.875,0.191,-0.568,76.988,0.0,0.0,0.0,,0.0,0.0,65.023163,64.412568,73132.0
Italy,ITA,2011,0.784,0.875,0.191,-0.568,76.542,0.0,0.0,0.0,,0.0,0.0,65.023163,64.412568,73132.0
Italy,ITA,2012,0.791,0.872,-0.367,-0.568,75.073,0.0,0.0,0.0,,0.0,0.0,65.023163,64.412568,73132.0
Italy,ITA,2013,0.786,0.87,0.252,-0.568,73.637,0.0,0.0,0.0,,0.0,0.0,65.023163,64.412568,73132.0
Italy,ITA,2014,0.787,0.87,0.252,-0.683,72.762,0.0,0.0,0.0,,0.0,0.0,65.023163,64.412568,73132.0
Italy,ITA,2015,0.787,0.87,0.252,-0.683,71.358,0.0,0.0,0.0,,0.0,0.0,65.023163,64.412568,73132.0
Italy,ITA,2016,0.794,0.87,0.252,-0.683,71.716,0.0,0.0,0.0,,0.0,0.0,65.023163,64.412568,73132.0
Italy,ITA,2017,0.795,0.88,0.252,-0.754,72.823,0.0,0.0,0.0,,0.0,0.0,65.023163,64.412568,73132.0
Italy,ITA,2018,0.788,0.857,0.252,-0.754,73.353,0.0,0.0,0.0,,0.0,0.0,65.023163,64.412568,73132.0
Italy,ITA,2019,0.783,0.857,0.252,-0.754,73.132,0.0,0.0,0.0,,0.0,0.0,65.023163,64.412568,73132.0
Italy,ITA,2020,0.78,0.857,0.501,-0.658,,7.092083,0.653596,65.359641,35220.08,0.538251,53.825137,65.023163,64.412568,73132.0
Italy,ITA,2021,0.781,0.857,0.501,-0.658,,6.993593,0.646867,64.686685,35220.08,0.75,75.0,65.023163,64.412568,73132.0
Italy,ITA,2022,0.766,0.857,0.231,-0.658,,6.684662,0.274862,27.486192,35220.08,0.476712,47.671233,65.023163,64.412568,73132.0
Italy,ITA,2023,0.732,0.849,0.231,-0.658,,5.259629,0.0,0.0,35220.08,0.0,0.0,65.023163,64.412568,73132.0
Italy,ITA,2024,0.705,0.772,0.231,-0.641,,3.400197,0.0,0.0,35220.08,0.0,0.0,65.023163,64.412568,73132.0
Japan,JPN,2010,0.783,0.886,-2.25,1.633,84.66,0.0,0.0,0.0,,0.0,0.0,40.88773,85.587432,88837.0
Japan,JPN,2011,0.783,0.886,-2.25,1.553,85.177,0.0,0.0,0.0,,0.0,0.0,40.88773,85.587432,88837.0
Japan,JPN,2012,0.776,0.886,-1.488,1.553,85.758,0.0,0.0,0.0,,0.0,0.0,40.88773,85.587432,88837.0
Japan,JPN,2013,0.749,0.886,-1.488,1.553,86.26,0.0,0.0,0.0,,0.0,0.0,40.88773,85.587432,88837.0
Japan,JPN,2014,0.747,0.875,-1.488,1.71,86.254,0.0,0.0,0.0,,0.0,0.0,40.88773,85.587432,88837.0
Japan,JPN,2015,0.748,0.875,-1.351,1.71,86.196,0.0,0.0,0.0,,0.0,0.0,40.88773,85.587432,88837.0
Japan,JPN,2016,0.748,0.875,-1.351,1.71,86.69,0.0,0.0,0.0,,0.0,0.0,40.88773,85.587432,88837.0
Japan,JPN,2017,0.747,0.875,-1.351,1.71,88.071,0.0,0.0,0.0,,0.0,0.0,40.88773,85.587432,88837.0
Japan,JPN,2018,0.76,0.875,-1.351,1.71,88.681,0.0,0.0,0.0,,0.0,0.0,40.88773,85.587432,88837.0
Japan,JPN,2019,0.762,0.875,-1.351,1.851,88.837,0.0,0.0,0.0,,0.0,0.0,40.88773,85.587432,88837.0
Japan,JPN,2020,0.748,0.875,-1.719,2.253,,3.284664,0.329276,32.927624,39002.22,0.711749,71.174863,40.88773,85.587432,88837.0
Japan,JPN,2021,0.738,0.875,-1.719,2.253,,4.807294,0.488478,48.847836,39002.22,1.0,100.0,40.88773,85.587432,88837.0
Japan,JPN,2022,0.738,0.875,-1.719,2.253,,5.705148,0.396803,39.680301,39002.22,0.873973,87.39726,40.88773,85.587432,88837.0
Japan,JPN,2023,0.742,0.875,-1.719,2.128,,5.024209,0.0,0.0,39002.22,0.0,0.0,40.88773,85.587432,88837.0
Japan,JPN,2024,0.734,0.888,-1.719,2.128,,0.0,0.0,0.0,39002.22,0.0,0.0,40.88773,85.587432,88837.0
South Korea,KOR,2010,0.67,0.822,0.079,-0.758,76.43,0.0,0.0,0.0,,0.0,0.0,50.627202,31.864754,91211.0
South Korea,KOR,2011,0.67,0.822,0.079,-0.758,78.073,0.0,0.0,0.0,,0.0,0.0,50.627202,31.864754,91211.0
South Korea,KOR,2012,0.66,0.82,0.079,-0.758,79.504,0.0,0.0,0.0,,0.0,0.0,50.627202,31.864754,91211.0
South Korea,KOR,2013,0.611,0.763,0.079,-0.917,81.202,0.0,0.0,0.0,,0.0,0.0,50.627202,31.864754,91211.0
South Korea,KOR,2014,0.602,0.763,0.182,-0.917,82.888,0.0,0.0,0.0,,0.0,0.0,50.627202,31.864754,91211.0
South Korea,KOR,2015,0.606,0.763,0.182,-0.917,84.006,0.0,0.0,0.0,,0.0,0.0,50.627202,31.864754,91211.0
South Korea,KOR,2016,0.628,0.763,0.5,-0.917,85.723,0.0,0.0,0.0,,0.0,0.0,50.627202,31.864754,91211.0
South Korea,KOR,2017,0.795,0.928,0.5,-0.917,87.955,0.0,0.0,0.0,,0.0,0.0,50.627202,31.864754,91211.0
South Korea,KOR,2018,0.797,0.892,0.5,-1.102,89.966,0.0,0.0,0.0,,0.0,0.0,50.627202,31.864754,91211.0
South Korea,KOR,2019,0.784,0.901,0.5,-1.507,91.211,0.0,0.0,0.0,,0.0,0.0,50.627202,31.864754,91211.0
South Korea,KOR,2020,0.79,0.901,0.5,-1.507,,2.809403,0.499757,49.975746,35938.37,0.387295,38.729508,50.627202,31.864754,91211.0
South Korea,KOR,2021,0.781,0.885,0.5,-1.122,,4.474492,0.512787,51.278658,35938.37,0.25,25.0,50.627202,31.864754,91211.0
South Korea,KOR,2022,0.729,0.887,0.61,-1.122,,6.242885,0.215211,21.521123,35938.37,0.359589,35.958904,50.627202,31.864754,91211.0
South Korea,KOR,2023,0.63,0.83,0.592,-0.946,,4.372607,0.0,0.0,35938.37,0.0,0.0,50.627202,31.864754,91211.0
South Korea,KOR,2024,0.631,0.815,1.23,-2.006,,0.0,0.0,0.0,35938.37,0.0,0.0,50.627202,31.864754,91211.0
Lithuania,LTU,2010,0.791,0.97,-3.05,2.121,46.094,0.0,0.0,0.0,,0.0,0.0,47.184923,65.321693,67225.0
Lithuania,LTU,2011,0.789,0.97,-3.05,2.121,48.559,0.0,0.0,0.0,,0.0,0.0,47.184923,65.321693,67225.0
Lithuania,LTU,2012,0.784,0.97,-3.05,2.121,51.162,0.0,0.0,0.0,,0.0,0.0,47.184923,65.321693,67225.0
Lithuania,LTU,2013,0.773,0.974,-3.05,2.121,53.492,0.0,0.0,0.0,,0.0,0.0,47.184923,65.321693,67225.0
Lithuania,LTU,2014,0.774,0.974,-3.05,2.121,55.529,0.0,0.0,0.0,,0.0,0.0,47.184923,65.321693,67225.0
Lithuania,LTU,2015,0.781,0.974,-3.05,2.121,57.102,0.0,0.0,0.0,,0.0,0.0,47.184923,65.321693,67225.0
Lithuania,LTU,2016,0.772,0.974,-2.474,2.121,59.45,0.0,0.0,0.0,,0.0,0.0,47.184923,65.321693,67225.0
Lithuania,LTU,2017,0.749,0.972,-2.474,2.121,62.73,0.0,0.0,0.0,,0.0,0.0,47.184923,65.321693,67225.0
Lithuania,LTU,2018,0.75,0.967,-2.474,2.121,65.435,0.0,0.0,0.0,,0.0,0.0,47.184923,65.321693,67225.0
Lithuania,LTU,2019,0.757,0.967,-2.474,2.121,67.225,0.0,0.0,0.0,,0.0,0.0,47.184923,65.321693,67225.0
Lithuania,LTU,2020,0.75,0.967,-2.474,2.027,,6.354422,0.47568,47.567983,29524.26,0.526639,52.663934,47.184923,65.321693,67225.0
Lithuania,LTU,2021,0.739,0.969,-1.089,1.258,,7.610437,0.468019,46.801863,29524.26,0.779795,77.979452,47.184923,65.321693,67225.0
Lithuania,LTU,2022,0.741,0.957,-0.849,1.158,,6.646754,0.141781,14.178055,29524.26,0.930137,93.013699,47.184923,65.321693,67225.0
Lithuania,LTU,2023,0.726,0.947,-0.895,1.249,,4.690614,0.0,0.0,29524.26,0.0,0.0,47.184923,65.321693,67225.0
Lithuania,LTU,2024,0.734,0.94,-1.189,0.89,,2.6483,0.0,0.0,29524.26,0.0,0.0,47.184923,65.321693,67225.0
Luxembourg,LUX,2010,0.796,0.876,-2.32,2.479,154.109,0.0,0.0,0.0,,0.0,0.0,44.622348,59.502302,181069.0
Luxembourg,LUX,2011,0.796,0.876,-2.32,2.479,153.793,0.0,0.0,0.0,,0.0,0.0,44.622348,59.502302,181069.0
Luxembourg,LUX,2012,0.796,0.876,-2.32,2.479,153.477,0.0,0.0,0.0,,0.0,0.0,44.622348,59.502302,181069.0
Luxembourg,LUX,2013,0.796,0.876,-2.32,2.479,154.93,0.0,0.0,0.0,,0.0,0.0,44.622348,59.502302,181069.0
Luxembourg,LUX,2014,0.795,0.876,-2.32,2.479,158.275,0.0,0.0,0.0,,0.0,0.0,44.622348,59.502302,181069.0
Luxembourg,LUX,2015,0.795,0.876,-2.32,2.479,159.82,0.0,0.0,0.0,,0.0,0.0,44.622348,59.502302,181069.0
Luxembourg,LUX,2016,0.795,0.876,-2.32,2.479,163.268,0.0,0.0,0.0,,0.0,0.0,44.622348,59.502302,181069.0
Luxembourg,LUX,2017,0.795,0.876,-2.32,2.479,170.536,0.0,0.0,0.0,,0.0,0.0,44.622348,59.502302,181069.0
Luxembourg,LUX,2018,0.795,0.876,-2.32,2.479,175.397,0.0,0.0,0.0,,0.0,0.0,44.622348,59.502302,181069.0
Luxembourg,LUX,2019,0.795,0.876,-2.32,2.479,181.069,0.0,0.0,0.0,,0.0,0.0,44.622348,59.502302,181069.0
Luxembourg,LUX,2020,0.788,0.862,-2.32,1.577,,6.080482,0.432014,43.201354,94277.96,0.758197,75.819672,44.622348,59.502302,181069.0
Luxembourg,LUX,2021,0.788,0.862,-2.002,1.577,,6.285477,0.460433,46.043342,94277.96,0.431849,43.184932,44.622348,59.502302,181069.0
Luxembourg,LUX,2022,0.792,0.862,-2.624,1.577,,6.196057,0.242592,24.259178,94277.96,0.040411,4.041096,44.622348,59.502302,181069.0
Luxembourg,LUX,2023,0.794,0.87,-1.859,1.974,,4.246779,0.0,0.0,94277.96,0.0,0.0,44.622348,59.502302,181069.0
Luxembourg,LUX,2024,0.783,0.87,-1.667,1.974,,0.0,0.0,0.0,94277.96,0.0,0.0,44.622348,59.502302,181069.0
Latvia,LVA,2010,0.699,0.934,-2.646,0.651,43.733,0.0,0.0,0.0,,0.0,0.0,45.334276,53.352702,60021.0
Latvia,LVA,2011,0.725,0.934,-2.646,0.651,45.52,0.0,0.0,0.0,,0.0,0.0,45.334276,53.352702,60021.0
Latvia,LVA,2012,0.733,0.938,-2.646,0.651,47.468,0.0,0.0,0.0,,0.0,0.0,45.334276,53.352702,60021.0
Latvia,LVA,2013,0.743,0.957,-2.325,0.651,49.186,0.0,0.0,0.0,,0.0,0.0,45.334276,53.352702,60021.0
Latvia,LVA,2014,0.752,0.954,-2.325,0.651,50.785,0.0,0.0,0.0,,0.0,0.0,45.334276,53.352702,60021.0
Latvia,LVA,2015,0.756,0.954,-2.644,0.651,52.267,0.0,0.0,0.0,,0.0,0.0,45.334276,53.352702,60021.0
Latvia,LVA,2016,0.749,0.954,-2.644,0.651,54.058,0.0,0.0,0.0,,0.0,0.0,45.334276,53.352702,60021.0
Latvia,LVA,2017,0.746,0.954,-2.846,0.651,56.545,0.0,0.0,0.0,,0.0,0.0,45.334276,53.352702,60021.0
Latvia,LVA,2018,0.745,0.963,-3.1,0.651,58.76,0.0,0.0,0.0,,0.0,0.0,45.334276,53.352702,60021.0
Latvia,LVA,2019,0.746,0.963,-2.478,0.651,60.021,0.0,0.0,0.0,,0.0,0.0,45.334276,53.352702,60021.0
Latvia,LVA,2020,0.739,0.963,-2.478,0.536,,5.820024,0.410937,41.093729,25063.85,0.525273,52.527322,45.334276,53.352702,60021.0
Latvia,LVA,2021,0.744,0.961,-1.676,0.583,,7.7074,0.495748,49.574822,25063.85,0.541781,54.178082,45.334276,53.352702,60021.0
Latvia,LVA,2022,0.743,0.945,-1.462,0.517,,7.063416,0.162324,16.232438,25063.85,0.164384,16.438356,45.334276,53.352702,60021.0
Latvia,LVA,2023,0.765,0.93,-1.188,0.328,,5.490383,0.0,0.0,25063.85,0.0,0.0,45.334276,53.352702,60021.0
Latvia,LVA,2024,0.765,0.947,-1.352,0.511,,1.843719,0.0,0.0,25063.85,0.0,0.0,45.334276,53.352702,60021.0
Mexico,MEX,2010,0.47,0.739,-0.319,-0.408,32.25,0.0,0.0,0.0,,0.0,0.0,53.25701,23.77779,34308.0
Mexico,MEX,2011,0.469,0.739,-0.319,-0.553,32.958,0.0,0.0,0.0,,0.0,0.0,53.25701,23.77779,34308.0
Mexico,MEX,2012,0.461,0.719,-0.183,-0.772,33.482,0.0,0.0,0.0,,0.0,0.0,53.25701,23.77779,34308.0
Mexico,MEX,2013,0.425,0.712,-0.304,-0.562,33.742,0.0,0.0,0.0,,0.0,0.0,53.25701,23.77779,34308.0
Mexico,MEX,2014,0.424,0.712,-0.304,-0.562,33.886,0.0,0.0,0.0,,0.0,0.0,53.25701,23.77779,34308.0
Mexico,MEX,2015,0.433,0.709,-0.18,-0.562,33.828,0.0,0.0,0.0,,0.0,0.0,53.25701,23.77779,34308.0
Mexico,MEX,2016,0.433,0.709,0.068,-0.562,34.098,0.0,0.0,0.0,,0.0,0.0,53.25701,23.77779,34308.0
Mexico,MEX,2017,0.439,0.709,-0.067,-0.891,34.425,0.0,0.0,0.0,,0.0,0.0,53.25701,23.77779,34308.0
Mexico,MEX,2018,0.455,0.662,0.846,-1.024,34.575,0.0,0.0,0.0,,0.0,0.0,53.25701,23.77779,34308.0
Mexico,MEX,2019,0.434,0.687,1.638,-1.654,34.308,0.0,0.0,0.0,,0.0,0.0,53.25701,23.77779,34308.0
Mexico,MEX,2020,0.406,0.606,1.589,-1.827,,7.020888,0.573927,57.39265,17336.47,0.172131,17.213115,53.25701,23.77779,34308.0
Mexico,MEX,2021,0.37,0.527,1.412,-1.55,,7.122955,0.491214,49.12137,17336.47,0.303425,30.342466,53.25701,23.77779,34308.0
Mexico,MEX,2022,0.334,0.494,1.566,-1.652,,5.390076,0.254229,25.422877,17336.47,0.082877,8.287671,53.25701,23.77779,34308.0
Mexico,MEX,2023,0.307,0.469,1.566,-1.428,,3.127199,0.0,0.0,17336.47,0.0,0.0,53.25701,23.77779,34308.0
Mexico,MEX,2024,0.251,0.401,1.973,-1.377,,1.458615,0.0,0.0,17336.47,0.0,0.0,53.25701,23.77779,34308.0
Netherlands,NLD,2010,0.826,0.95,-1.238,0.584,102.149,0.0,0.0,0.0,,0.0,0.0,54.24622,57.873905,105434.0
Netherlands,NLD,2011,0.828,0.95,-1.238,0.584,102.243,0.0,0.0,0.0,,0.0,0.0,54.24622,57.873905,105434.0
Netherlands,NLD,2012,0.825,0.95,-1.238,0.082,101.872,0.0,0.0,0.0,,0.0,0.0,54.24622,57.873905,105434.0
Netherlands,NLD,2013,0.829,0.95,-1.238,0.082,102.044,0.0,0.0,0.0,,0.0,0.0,54.24622,57.873905,105434.0
Netherlands,NLD,2014,0.832,0.95,-1.238,0.082,101.981,0.0,0.0,0.0,,0.0,0.0,54.24622,57.873905,105434.0
Netherlands,NLD,2015,0.832,0.95,-1.238,0.082,101.353,0.0,0.0,0.0,,0.0,0.0,54.24622,57.873905,105434.0
Netherlands,NLD,2016,0.832,0.95,-1.238,0.082,102.259,0.0,0.0,0.0,,0.0,0.0,54.24622,57.873905,105434.0
Netherlands,NLD,2017,0.835,0.962,-1.238,0.082,103.901,0.0,0.0,0.0,,0.0,0.0,54.24622,57.873905,105434.0
Netherlands,NLD,2018,0.831,0.952,-1.015,0.082,105.11,0.0,0.0,0.0,,0.0,0.0,54.24622,57.873905,105434.0
Netherlands,NLD,2019,0.814,0.963,-1.015,0.082,105.434,0.0,0.0,0.0,,0.0,0.0,54.24622,57.873905,105434.0
Netherlands,NLD,2020,0.806,0.968,-1.149,0.082,,6.469994,0.506834,50.683425,48472.54,0.520492,52.04918,54.24622,57.873905,105434.0
Netherlands,NLD,2021,0.81,0.961,-0.786,-0.128,,6.267542,0.57809,57.809014,48472.54,0.636986,63.69863,54.24622,57.873905,105434.0
Netherlands,NLD,2022,0.797,0.957,-0.656,-0.204,,4.732684,0.207324,20.732438,48472.54,0.5,50.0,54.24622,57.873905,105434.0
Netherlands,NLD,2023,0.79,0.957,-0.083,-0.194,,0.444686,0.0,0.0,48472.54,0.0,0.0,54.24622,57.873905,105434.0
Netherlands,NLD,2024,0.761,0.947,-0.083,-0.194,,0.0,0.0,0.0,48472.54,0.0,0.0,54.24622,57.873905,105434.0
Norway,NOR,2010,0.868,0.984,-2.577,1.628,139.88,0.0,0.0,0.0,,0.0,0.0,46.264166,33.452869,124864.0
Norway,NOR,2011,0.87,0.984,-2.577,1.628,141.552,0.0,0.0,0.0,,0.0,0.0,46.264166,33.452869,124864.0
Norway,NOR,2012,0.87,0.984,-2.577,1.628,142.319,0.0,0.0,0.0,,0.0,0.0,46.264166,33.452869,124864.0
Norway,NOR,2013,0.856,0.984,-2.021,1.628,142.035,0.0,0.0,0.0,,0.0,0.0,46.264166,33.452869,124864.0
Norway,NOR,2014,0.856,0.984,-2.021,1.628,140.413,0.0,0.0,0.0,,0.0,0.0,46.264166,33.452869,124864.0
Norway,NOR,2015,0.862,0.984,-2.021,1.628,138.221,0.0,0.0,0.0,,0.0,0.0,46.264166,33.452869,124864.0
Norway,NOR,2016,0.862,0.984,-2.021,1.628,135.93,0.0,0.0,0.0,,0.0,0.0,46.264166,33.452869,124864.0
Norway,NOR,2017,0.86,0.984,-1.501,1.116,132.596,0.0,0.0,0.0,,0.0,0.0,46.264166,33.452869,124864.0
Norway,NOR,2018,0.845,0.977,-1.501,1.116,129.737,0.0,0.0,0.0,,0.0,0.0,46.264166,33.452869,124864.0
Norway,NOR,2019,0.853,0.977,-1.501,1.116,124.864,0.0,0.0,0.0,,0.0,0.0,46.264166,33.452869,124864.0
Norway,NOR,2020,0.832,0.971,-1.501,1.05,,4.35863,0.421871,42.187072,64800.06,0.294057,29.405738,46.264166,33.452869,124864.0
Norway,NOR,2021,0.836,0.971,-2.101,1.05,,5.126936,0.503413,50.34126,64800.06,0.375,37.5,46.264166,33.452869,124864.0
Norway,NOR,2022,0.834,0.955,-2.101,0.738,,6.439207,0.148062,14.806247,64800.06,0.322603,32.260274,46.264166,33.452869,124864.0
Norway,NOR,2023,0.833,0.955,-2.101,0.738,,5.203292,0.0,0.0,64800.06,0.0,0.0,46.264166,33.452869,124864.0
Norway,NOR,2024,0.839,0.955,-2.101,0.738,,0.0,0.0,0.0,64800.06,0.0,0.0,46.264166,33.452869,124864.0
New Zealand,NZL,2010,0.845,0.974,-2.592,1.343,76.563,0.0,0.0,0.0,,0.0,0.0,40.759871,61.888474,83507.0
New Zealand,NZL,2011,0.842,0.974,-2.592,1.343,77.579,0.0,0.0,0.0,,0.0,0.0,40.759871,61.888474,83507.0
New Zealand,NZL,2012,0.841,0.974,-2.592,1.343,78.622,0.0,0.0,0.0,,0.0,0.0,40.759871,61.888474,83507.0
New Zealand,NZL,2013,0.834,0.974,-2.592,1.343,79.368,0.0,0.0,0.0,,0.0,0.0,40.759871,61.888474,83507.0
New Zealand,NZL,2014,0.833,0.974,-2.592,1.343,79.883,0.0,0.0,0.0,,0.0,0.0,40.759871,61.888474,83507.0
New Zealand,NZL,2015,0.835,0.974,-2.592,1.343,79.225,0.0,0.0,0.0,,0.0,0.0,40.759871,61.888474,83507.0
New Zealand,NZL,2016,0.835,0.974,-2.592,1.343,79.96,0.0,0.0,0.0,,0.0,0.0,40.759871,61.888474,83507.0
New Zealand,NZL,2017,0.829,0.972,-1.688,1.343,81.678,0.0,0.0,0.0,,0.0,0.0,40.759871,61.888474,83507.0
New Zealand,NZL,2018,0.835,0.979,-2.578,1.343,82.87,0.0,0.0,0.0,,0.0,0.0,40.759871,61.888474,83507.0
New Zealand,NZL,2019,0.835,0.979,-2.325,1.454,83.507,0.0,0.0,0.0,,0.0,0.0,40.759871,61.888474,83507.0
New Zealand,NZL,2020,0.829,0.979,-2.325,1.639,,1.769855,0.369254,36.925387,36085.84,0.589139,58.913934,40.759871,61.888474,83507.0
New Zealand,NZL,2021,0.817,0.979,-1.597,1.007,,1.769855,0.445944,44.594356,36085.84,0.64863,64.863014,40.759871,61.888474,83507.0
New Zealand,NZL,2022,0.823,0.974,-1.091,0.491,,6.080185,0.229363,22.936329,36085.84,0.25,25.0,40.759871,61.888474,83507.0
New Zealand,NZL,2023,0.825,0.978,-1.095,0.491,,5.565095,0.0,0.0,36085.84,0.0,0.0,40.759871,61.888474,83507.0
New Zealand,NZL,2024,0.809,0.981,-0.755,-0.6,,4.866072,0.0,0.0,36085.84,0.0,0.0,40.759871,61.888474,83507.0
Poland,POL,2010,0.831,0.964,1.029,-0.956,45.85,0.0,0.0,0.0,,0.0,0.0,50.927719,62.753574,58956.0
Poland,POL,2011,0.833,0.964,1.741,-0.905,47.712,0.0,0.0,0.0,,0.0,0.0,50.927719,62.753574,58956.0
Poland,POL,2012,0.832,0.964,1.741,-0.905,48.953,0.0,0.0,0.0,,0.0,0.0,50.927719,62.753574,58956.0
Poland,POL,2013,0.827,0.961,1.741,-0.905,50.139,0.0,0.0,0.0,,0.0,0.0,50.927719,62.753574,58956.0
Poland,POL,2014,0.817,0.957,1.741,-1.216,51.412,0.0,0.0,0.0,,0.0,0.0,50.927719,62.753574,58956.0
Poland,POL,2015,0.779,0.874,1.817,-1.624,52.543,0.0,0.0,0.0,,0.0,0.0,50.927719,62.753574,58956.0
Poland,POL,2016,0.593,0.783,2.611,-2.613,54.123,0.0,0.0,0.0,,0.0,0.0,50.927719,62.753574,58956.0
Poland,POL,2017,0.544,0.69,2.611,-2.613,56.434,0.0,0.0,0.0,,0.0,0.0,50.927719,62.753574,58956.0
Poland,POL,2018,0.523,0.595,3.03,-2.613,58.228,0.0,0.0,0.0,,0.0,0.0,50.927719,62.753574,58956.0
Poland,POL,2019,0.508,0.572,3.03,-2.613,58.956,0.0,0.0,0.0,,0.0,0.0,50.927719,62.753574,58956.0
Poland,POL,2020,0.449,0.57,3.03,-2.613,,6.564955,0.488016,48.801575,27216.44,0.398907,39.89071,50.927719,62.753574,58956.0
Poland,POL,2021,0.419,0.542,3.352,-2.283,,7.467165,0.530539,53.053863,27216.44,0.856164,85.616438,50.927719,62.753574,58956.0
Poland,POL,2022,0.417,0.57,3.352,-2.379,,6.445736,0.180316,18.031562,27216.44,0.161644,16.164384,50.927719,62.753574,58956.0
Poland,POL,2023,0.452,0.567,3.352,-2.811,,3.848657,0.0,0.0,27216.44,0.0,0.0,50.927719,62.753574,58956.0
Poland,POL,2024,0.616,0.774,3.352,-1.832,,2.618855,0.0,0.0,27216.44,0.0,0.0,50.927719,62.753574,58956.0
Portugal,PRT,2010,0.843,0.949,-2.051,0.83,60.287,0.0,0.0,0.0,,0.0,0.0,57.503046,67.520492,63753.0
Portugal,PRT,2011,0.832,0.953,-2.051,0.83,59.597,0.0,0.0,0.0,,0.0,0.0,57.503046,67.520492,63753.0
Portugal,PRT,2012,0.832,0.957,-2.051,0.83,58.706,0.0,0.0,0.0,,0.0,0.0,57.503046,67.520492,63753.0
Portugal,PRT,2013,0.831,0.955,-2.051,0.83,58.456,0.0,0.0,0.0,,0.0,0.0,57.503046,67.520492,63753.0
Portugal,PRT,2014,0.831,0.955,-2.051,0.83,58.643,0.0,0.0,0.0,,0.0,0.0,57.503046,67.520492,63753.0
Portugal,PRT,2015,0.831,0.961,-2.17,0.83,58.759,0.0,0.0,0.0,,0.0,0.0,57.503046,67.520492,63753.0
Portugal,PRT,2016,0.83,0.953,-2.17,0.83,59.728,0.0,0.0,0.0,,0.0,0.0,57.503046,67.520492,63753.0
Portugal,PRT,2017,0.847,0.972,-2.17,0.83,61.488,0.0,0.0,0.0,,0.0,0.0,57.503046,67.520492,63753.0
Portugal,PRT,2018,0.849,0.97,-2.17,0.83,62.856,0.0,0.0,0.0,,0.0,0.0,57.503046,67.520492,63753.0
Portugal,PRT,2019,0.821,0.97,-2.17,0.957,63.753,0.0,0.0,0.0,,0.0,0.0,57.503046,67.520492,63753.0
Portugal,PRT,2020,0.807,0.928,-2.093,1.299,,6.467233,0.548478,54.847762,27936.9,0.60041,60.040984,57.503046,67.520492,63753.0
Portugal,PRT,2021,0.811,0.94,-1.054,0.448,,7.066023,0.601583,60.158329,27936.9,0.75,75.0,57.503046,67.520492,63753.0
Portugal,PRT,2022,0.758,0.941,-1.421,1.415,,6.49516,0.166642,16.664192,27936.9,0.0,0.0,57.503046,67.520492,63753.0
Portugal,PRT,2023,0.757,0.941,-1.14,2.146,,5.337394,0.0,0.0,27936.9,0.0,0.0,57.503046,67.520492,63753.0
Portugal,PRT,2024,0.751,0.945,-0.264,1.483,,4.448282,0.0,0.0,27936.9,0.0,0.0,57.503046,67.520492,63753.0
Slovakia,SVK,2010,0.752,0.864,-1.086,0.324,53.909,0.0,0.0,0.0,,0.0,0.0,49.480734,81.037035,65901.0
Slovakia,SVK,2011,0.754,0.857,-0.921,0.324,55.013,0.0,0.0,0.0,,0.0,0.0,49.480734,81.037035,65901.0
Slovakia,SVK,2012,0.74,0.845,-0.581,0.16,56.014,0.0,0.0,0.0,,0.0,0.0,49.480734,81.037035,65901.0
Slovakia,SVK,2013,0.73,0.845,-0.581,0.16,56.898,0.0,0.0,0.0,,0.0,0.0,49.480734,81.037035,65901.0
Slovakia,SVK,2014,0.732,0.843,-0.581,0.107,58.198,0.0,0.0,0.0,,0.0,0.0,49.480734,81.037035,65901.0
Slovakia,SVK,2015,0.733,0.832,-0.581,-0.316,59.458,0.0,0.0,0.0,,0.0,0.0,49.480734,81.037035,65901.0
Slovakia,SVK,2016,0.732,0.838,-0.581,-0.313,60.999,0.0,0.0,0.0,,0.0,0.0,49.480734,81.037035,65901.0
Slovakia,SVK,2017,0.726,0.848,-0.581,-0.313,63.056,0.0,0.0,0.0,,0.0,0.0,49.480734,81.037035,65901.0
Slovakia,SVK,2018,0.706,0.84,-0.319,-0.341,64.937,0.0,0.0,0.0,,0.0,0.0,49.480734,81.037035,65901.0
Slovakia,SVK,2019,0.742,0.865,-0.319,-0.808,65.901,0.0,0.0,0.0,,0.0,0.0,49.480734,81.037035,65901.0
Slovakia,SVK,2020,0.76,0.907,-0.328,-1.157,,5.783641,0.460087,46.008702,30155.15,0.679645,67.964481,49.480734,81.037035,65901.0
Slovakia,SVK,2021,0.758,0.898,-0.157,-1.411,,7.891002,0.529528,52.952767,30155.15,0.941096,94.109589,49.480734,81.037035,65901.0
Slovakia,SVK,2022,0.762,0.911,0.183,-1.782,,6.691873,0.18463,18.463041,30155.15,0.584932,58.493151,49.480734,81.037035,65901.0
Slovakia,SVK,2023,0.73,0.904,0.544,-2.584,,4.314952,0.0,0.0,30155.15,0.0,0.0,49.480734,81.037035,65901.0
Slovakia,SVK,2024,0.584,0.79,1.006,-2.584,,1.539015,0.0,0.0,30155.15,0.0,0.0,49.480734,81.037035,65901.0
Slovenia,SVN,2010,0.795,0.876,0.296,-0.658,65.439,0.0,0.0,0.0,,0.0,0.0,52.581018,60.509301,76072.0
Slovenia,SVN,2011,0.789,0.876,0.296,-0.658,65.042,0.0,0.0,0.0,,0.0,0.0,52.581018,60.509301,76072.0
Slovenia,SVN,2012,0.768,0.86,0.594,-1.581,64.255,0.0,0.0,0.0,,0.0,0.0,52.581018,60.509301,76072.0
Slovenia,SVN,2013,0.788,0.872,0.414,-1.581,64.292,0.0,0.0,0.0,,0.0,0.0,52.581018,60.509301,76072.0
Slovenia,SVN,2014,0.798,0.895,0.414,-1.368,65.225,0.0,0.0,0.0,,0.0,0.0,52.581018,60.509301,76072.0
Slovenia,SVN,2015,0.808,0.896,0.414,-1.368,66.275,0.0,0.0,0.0,,0.0,0.0,52.581018,60.509301,76072.0
Slovenia,SVN,2016,0.796,0.896,0.32,-1.368,68.154,0.0,0.0,0.0,,0.0,0.0,52.581018,60.509301,76072.0
Slovenia,SVN,2017,0.773,0.896,0.5,-1.368,71.374,0.0,0.0,0.0,,0.0,0.0,52.581018,60.509301,76072.0
Slovenia,SVN,2018,0.758,0.896,0.565,-1.194,74.06,0.0,0.0,0.0,,0.0,0.0,52.581018,60.509301,76072.0
Slovenia,SVN,2019,0.744,0.908,0.565,-1.386,76.072,0.0,0.0,0.0,,0.0,0.0,52.581018,60.509301,76072.0
Slovenia,SVN,2020,0.668,0.871,2.356,-2.136,,7.217465,0.505709,50.570939,31400.84,0.532104,53.210383,52.581018,60.509301,76072.0
Slovenia,SVN,2021,0.624,0.86,2.809,-2.26,,7.324899,0.545911,54.591096,31400.84,0.678082,67.808219,52.581018,60.509301,76072.0
Slovenia,SVN,2022,0.73,0.881,2.171,-2.26,,7.157058,0.171084,17.108438,31400.84,0.053767,5.376712,52.581018,60.509301,76072.0
Slovenia,SVN,2023,0.655,0.775,2.059,-1.652,,6.217903,0.0,0.0,31400.84,0.0,0.0,52.581018,60.509301,76072.0
Slovenia,SVN,2024,0.619,0.775,2.335,-1.652,,4.667487,0.0,0.0,31400.84,0.0,0.0,52.581018,60.509301,76072.0
Sweden,SWE,2010,0.882,0.973,-2.092,1.55,100.824,0.0,0.0,0.0,,0.0,0.0,47.886304,40.612883,106746.0
Sweden,SWE,2011,0.884,0.973,-2.092,1.55,101.7,0.0,0.0,0.0,,0.0,0.0,47.886304,40.612883,106746.0
Sweden,SWE,2012,0.887,0.978,-2.092,1.55,101.698,0.0,0.0,0.0,,0.0,0.0,47.886304,40.612883,106746.0
Sweden,SWE,2013,0.887,0.978,-2.092,1.55,101.86,0.0,0.0,0.0,,0.0,0.0,47.886304,40.612883,106746.0
Sweden,SWE,2014,0.886,0.978,-2.092,1.55,102.222,0.0,0.0,0.0,,0.0,0.0,47.886304,40.612883,106746.0
Sweden,SWE,2015,0.883,0.974,-1.789,1.126,102.067,0.0,0.0,0.0,,0.0,0.0,47.886304,40.612883,106746.0
Sweden,SWE,2016,0.884,0.974,-1.752,1.126,103.264,0.0,0.0,0.0,,0.0,0.0,47.886304,40.612883,106746.0
Sweden,SWE,2017,0.884,0.974,-1.795,1.126,105.145,0.0,0.0,0.0,,0.0,0.0,47.886304,40.612883,106746.0
Sweden,SWE,2018,0.878,0.974,-1.795,1.126,106.273,0.0,0.0,0.0,,0.0,0.0,47.886304,40.612883,106746.0
Sweden,SWE,2019,0.871,0.974,-1.795,1.029,106.746,0.0,0.0,0.0,,0.0,0.0,47.886304,40.612883,106746.0
Sweden,SWE,2020,0.87,0.974,-1.924,1.049,,6.791199,0.495474,49.547376,46949.28,0.400956,40.095628,47.886304,40.612883,106746.0
Sweden,SWE,2021,0.869,0.966,-1.501,1.049,,6.347582,0.462252,46.225233,46949.28,0.411301,41.130137,47.886304,40.612883,106746.0
Sweden,SWE,2022,0.864,0.977,-1.501,0.618,,6.461406,0.148032,14.803233,46949.28,0.030822,3.082192,47.886304,40.612883,106746.0
Sweden,SWE,2023,0.845,0.977,-1.054,0.387,,6.103766,0.0,0.0,46949.28,0.0,0.0,47.886304,40.612883,106746.0
Sweden,SWE,2024,0.845,0.977,-0.534,0.387,,4.233962,0.0,0.0,46949.28,0.0,0.0,47.886304,40.612883,106746.0
Türkiye,TUR,2010,0.372,0.745,1.362,-0.166,36.886,0.0,0.0,0.0,,0.0,0.0,55.350854,45.893546,47988.0
Türkiye,TUR,2011,0.357,0.715,1.362,-0.166,39.024,0.0,0.0,0.0,,0.0,0.0,55.350854,45.893546,47988.0
Türkiye,TUR,2012,0.35,0.712,1.53,-0.837,40.57,0.0,0.0,0.0,,0.0,0.0,55.350854,45.893546,47988.0
Türkiye,TUR,2013,0.297,0.662,2.696,-1.135,42.06,0.0,0.0,0.0,,0.0,0.0,55.350854,45.893546,47988.0
Türkiye,TUR,2014,0.259,0.582,2.696,-1.401,43.194,0.0,0.0,0.0,,0.0,0.0,55.350854,45.893546,47988.0
Türkiye,TUR,2015,0.233,0.582,2.913,-2.238,43.884,0.0,0.0,0.0,,0.0,0.0,55.350854,45.893546,47988.0
Türkiye,TUR,2016,0.145,0.33,3.933,-2.697,44.029,0.0,0.0,0.0,,0.0,0.0,55.350854,45.893546,47988.0
Türkiye,TUR,2017,0.104,0.137,3.933,-2.697,46.12,0.0,0.0,0.0,,0.0,0.0,55.350854,45.893546,47988.0
Türkiye,TUR,2018,0.109,0.155,3.735,-2.697,47.345,0.0,0.0,0.0,,0.0,0.0,55.350854,45.893546,47988.0
Türkiye,TUR,2019,0.113,0.169,3.735,-2.697,47.988,0.0,0.0,0.0,,0.0,0.0,55.350854,45.893546,47988.0
Türkiye,TUR,2020,0.117,0.156,3.463,-2.697,,5.422348,0.551745,55.174475,25129.34,0.602117,60.211749,55.350854,45.893546,47988.0
Türkiye,TUR,2021,0.116,0.166,3.463,-2.697,,6.564532,0.555272,55.527233,25129.34,0.315753,31.575342,55.350854,45.893546,47988.0
Türkiye,TUR,2022,0.114,0.176,3.493,-2.697,,5.446996,0.162433,16.243288,25129.34,0.0,0.0,55.350854,45.893546,47988.0
Türkiye,TUR,2023,0.113,0.188,3.095,-1.693,,0.0,0.0,0.0,25129.34,0.0,0.0,55.350854,45.893546,47988.0
Türkiye,TUR,2024,0.117,0.221,3.353,-1.025,,0.0,0.0,0.0,25129.34,0.0,0.0,55.350854,45.893546,47988.0
United States of America,USA,2010,0.85,0.955,0.438,-0.251,126.031,0.0,0.0,0.0,,0.0,0.0,57.080226,43.050939,144274.0
United States of America,USA,2011,0.848,0.955,0.438,-0.251,126.679,0.0,0.0,0.0,,0.0,0.0,57.080226,43.050939,144274.0
United States of America,USA,2012,0.847,0.955,0.438,-0.251,127.92,0.0,0.0,0.0,,0.0,0.0,57.080226,43.050939,144274.0
United States of America,USA,2013,0.85,0.961,0.438,-0.251,129.498,0.0,0.0,0.0,,0.0,0.0,57.080226,43.050939,144274.0
United States of America,USA,2014,0.847,0.961,0.483,-0.251,131.003,0.0,0.0,0.0,,0.0,0.0,57.080226,43.050939,144274.0
United States of America,USA,2015,0.848,0.961,0.523,-0.472,132.423,0.0,0.0,0.0,,0.0,0.0,57.080226,43.050939,144274.0
United States of America,USA,2016,0.832,0.963,1.09,-0.57,134.775,0.0,0.0,0.0,,0.0,0.0,57.080226,43.050939,144274.0
United States of America,USA,2017,0.745,0.934,1.657,-1.652,138.542,0.0,0.0,0.0,,0.0,0.0,57.080226,43.050939,144274.0
United States of America,USA,2018,0.742,0.947,1.657,-1.652,141.503,0.0,0.0,0.0,,0.0,0.0,57.080226,43.050939,144274.0
United States of America,USA,2019,0.735,0.947,1.657,-1.548,144.274,0.0,0.0,0.0,,0.0,0.0,57.080226,43.050939,144274.0
United States of America,USA,2020,0.725,0.931,2.127,-1.548,,6.912803,0.57745,57.745,54225.45,0.478142,47.814208,57.080226,43.050939,144274.0
United States of America,USA,2021,0.752,0.93,1.887,-1.348,,7.22706,0.564155,56.415452,54225.45,0.382877,38.287671,57.080226,43.050939,144274.0
United States of America,USA,2022,0.763,0.93,1.493,-1.422,,6.664281,0.316565,31.656521,54225.45,0.0,0.0,57.080226,43.050939,144274.0
United States of America,USA,2023,0.771,0.93,1.464,-1.422,,5.515121,0.0,0.0,54225.45,0.0,0.0,57.080226,43.050939,144274.0
United States of America,USA,2024,0.748,0.905,1.791,-1.509,,4.442651,0.0,0.0,54225.45,0.0,0.0,57.080226,43.050939,144274.0
