iso3,year,v2smpolsoc,v2smpolsoc_codelow,v2smpolsoc_codehigh,stringency_mean,stringency_max,p_score_mean,p_score_peak,cum_excess_per_100k,population,urban_pct,health_exp_gdp,gdp_pc_ppp,pop_density,ethnic_frac,region
AUS,2019,0.558,0.28,0.868,,,,,,25334826.0,87.3019647888406,10.25421429,58048.6188420831,3.29365056253104,0.0929,AusNZ
AUS,2020,0.558,0.28,0.868,55.85450819672131,75.46,1.040576923076923,10.74,-13.095415,25649248.0,87.2713470458985,10.70324135,57260.4650530108,3.33452695130798,0.0929,AusNZ
AUS,2021,0.486,0.205,0.792,61.46345205479452,78.24,6.99,16.59,5.965798,25685412.0,87.2353407632761,10.51612186,58327.4146842325,3.33922844714392,0.0929,AusNZ
AUS,2022,0.486,0.205,0.792,24.249397260273973,55.32,18.9225,36.93,91.96746,26018721.0,87.3343268253813,9.89226055,60029.1329190733,3.38256023775289,0.0929,AusNZ
AUS,2023,0.486,0.205,0.792,,,13.68,23.31,138.60222000000002,26659922.0,87.4866955653765,10.39852047,60684.9596204883,3.46591948538875,0.0929,AusNZ
AUS,2024,0.546,0.106,0.986,,,16.466470588235296,21.1,,27196812.0,87.6021469990446,,60303.9817116245,,0.0929,AusNZ
AUT,2019,0.481,0.14,0.767,,,,,,8879920.0,68.3176044750522,10.62530422,64609.374295614,107.609306834707,0.1068,W_Europe
AUT,2020,0.232,-0.163,0.521,47.06521857923497,82.41,10.242115384615385,58.7,80.50266,8916864.0,68.5410177924001,11.41292953,60276.4153459141,108.057004362579,0.1068,W_Europe
AUT,2021,0.232,-0.163,0.521,61.62435616438356,82.41,11.016153846153847,42.35,162.4463,8955797.0,68.773601700253,12.185215,62968.9422311892,108.528805138148,0.1068,W_Europe
AUT,2022,0.232,-0.163,0.521,38.745479452054795,55.69,12.817307692307692,38.12,256.74922000000004,9041851.0,68.998085127906,11.22519779,65694.5513287254,109.571631119729,0.1068,W_Europe
AUT,2023,0.116,-0.208,0.466,,,9.122075471698114,32.72,317.80242,9131761.0,69.2265358276021,11.15297318,64536.2981841434,110.661185167232,0.1068,W_Europe
AUT,2024,0.116,-0.208,0.466,,,-4.067407407407408,2.14,,9177982.0,69.4658181096788,11.8325634,63788.078678479,,0.1068,W_Europe
BEL,2019,0.336,-0.079,0.734,,,,,,11488980.0,87.0961631189222,10.85831451,60479.9769955466,376.761985964452,0.5554,W_Europe
BEL,2020,1.021,0.551,1.463,51.53062841530054,81.48,15.964038461538461,104.85,147.74275,11538604.0,87.2964994991269,11.46253014,57333.5424137922,378.38932248967,0.5554,W_Europe
BEL,2021,0.989,0.516,1.429,50.114904109589034,75.93,2.9465384615384616,29.65,174.07869,11586195.0,87.4305564090635,11.28825092,60669.2137746531,379.949990161999,0.5554,W_Europe
BEL,2022,1.255,0.774,1.762,15.462109589041097,33.89,6.312115384615385,34.73,233.4513,11680210.0,87.489200269855,10.73976326,62561.7810453236,383.033055683085,0.5554,W_Europe
BEL,2023,1.03,0.532,1.468,,,2.4590566037735853,27.61,259.69294,11779946.0,87.551492636772,10.80371571,63095.4017281289,386.303731881682,0.5554,W_Europe
BEL,2024,1.03,0.532,1.468,,,-1.3470833333333332,8.53,,11858610.0,87.6126557010527,,63347.7858809235,,0.5554,W_Europe
CAN,2019,1.174,0.666,1.608,,,,,,37618495.0,81.7363672047941,11.04823494,57583.845798092,4.19587500655283,0.7124,N_America
CAN,2020,1.174,0.666,1.608,55.79491803278688,76.39,11.125,31.81,33.01195,38028638.0,81.9509888710566,13.01732922,54092.8790317796,4.24162135453439,0.7124,N_America
CAN,2021,1.748,1.12,2.227,69.4129315068493,75.46,13.155576923076923,25.74,65.13482,38239864.0,82.1779279079275,12.38106632,56995.1176781351,4.351026204103,0.7124,N_America
CAN,2022,0.792,0.293,1.195,25.710794520547946,71.86,21.574230769230766,33.16,142.61033,38935934.0,82.3500897353968,11.08119678,58321.0611834624,4.43022676846405,0.7124,N_America
CAN,2023,0.792,0.293,1.195,,,19.175094339622643,29.28,186.79948,40083484.0,82.5250564408346,11.18692875,57517.4431587432,4.56079784268436,0.7124,N_America
CAN,2024,0.792,0.293,1.195,,,18.290000000000003,23.13,,41288599.0,82.7002565766633,11.3095665,56706.8238031978,,0.7124,N_America
CHE,2019,-0.451,-0.859,0.011,,,,,,8575280.0,80.7792907322229,11.42588997,79596.7029465098,217.042781721823,0.5314,W_Europe
CHE,2020,-0.744,-1.25,-0.238,42.28521857923497,73.15,13.168653846153846,69.89,90.54583,8638167.0,82.3416838515457,11.98960876,77324.8870934007,218.63446962171,0.5314,W_Europe
CHE,2021,-0.744,-1.25,-0.238,51.87835616438356,60.19,6.693269230769231,44.79,127.9102,8704546.0,84.2006477608879,11.95855618,81001.4111206118,220.31454103721,0.5314,W_Europe
CHE,2022,-0.744,-1.25,-0.238,14.894356164383561,56.48,11.451346153846155,30.75,196.37955,8777088.0,84.9206266284521,11.59911823,82777.293582076,222.150599739861,0.5314,W_Europe
CHE,2023,-1.041,-1.624,-0.444,,,7.714150943396227,23.06,233.88957999999997,8888822.0,85.1854212679815,11.69096088,82295.2993346568,224.978619136651,0.5314,W_Europe
CHE,2024,-1.041,-1.624,-0.444,,,1.6758620689655173,12.21,,9005582.0,85.4615370020764,,82286.1801896488,,0.5314,W_Europe
CHL,2019,-2.413,-3.105,-1.642,,,,,,19197744.0,88.1273685623538,9.30968475,28218.5343879081,25.84400416762,0.1861,L_America
CHL,2020,-1.582,-2.139,-0.916,65.16598360655738,90.28,17.076153846153847,68.59,75.097723,19370624.0,88.2953490438375,9.69734573,26248.5616432825,26.0767352343796,0.1861,L_America
CHL,2021,-1.156,-1.696,-0.502,64.63060273972603,84.72,29.626730769230768,53.62,199.98938,19456334.0,88.4660511664452,9.72450161,29089.850459728,26.192118041714,0.1861,L_America
CHL,2022,-0.879,-1.391,-0.358,24.32643835616438,30.14,28.71096153846154,76.82,308.16877,19553036.0,88.6395352768685,10.0053072,29569.4775527937,26.3222982801325,0.1861,L_America
CHL,2023,-0.568,-0.994,-0.103,,,15.22943396226415,27.1,336.22407,19658835.0,88.8158617217972,10.17470455,29563.6780243659,26.4647249005172,0.1861,L_America
CHL,2024,-0.635,-1.177,-0.102,,,20.477931034482758,43.2,,19764771.0,88.9950908479196,10.53092575,30182.7871224714,,0.1861,L_America
COL,2019,-2.232,-2.877,-1.449,,,,,,49907985.0,77.4595528518377,7.83404827,17336.7716030551,44.9824109959441,0.6014,L_America
COL,2020,-2.232,-2.877,-1.449,63.194699453551905,90.74,31.027115384615385,87.9,103.01144,50629997.0,77.6382533537045,8.69751263,15861.4999291295,45.6331653898152,0.6014,L_America
COL,2021,-2.018,-2.654,-1.293,61.00991780821918,81.02,59.20269230769231,135.83,318.1784,51188173.0,77.8339570326128,9.14150524,17383.0901728295,46.1362532672375,0.6014,L_America
COL,2022,-0.892,-1.264,-0.454,27.756493150684932,49.4,25.236730769230768,87.51,368.59175,51737944.0,78.0464633137335,7.59037256,18458.7209460704,46.6317656602073,0.6014,L_America
COL,2023,-1.601,-2.133,-0.889,,,16.787857142857142,20.73,368.14817,52321152.0,78.275571579544,8.15838146,18382.9976800475,47.1574150518251,0.6014,L_America
COL,2024,-2.347,-3.188,-1.536,,,,,,52886363.0,78.5210811866115,8.14139366,18477.2146664536,,0.6014,L_America
CRI,2019,0.593,0.241,1.024,,,,,,4999553.0,77.0435864735963,7.2212491,23364.783127574,97.9152565609087,0.2368,L_America
CRI,2020,0.696,0.275,1.04,54.3942349726776,81.48,13.814166666666665,33.98,18.52001,5034320.0,77.5211537281257,7.82545757,22211.8613921698,98.5961613787701,0.2368,L_America
CRI,2021,0.936,0.511,1.338,56.327260273972605,66.67,35.2125,69.05,116.20581999999999,5059988.0,77.9868940200009,7.61130476,23852.9253020002,99.0988640814728,0.2368,L_America
CRI,2022,0.149,-0.242,0.551,19.1693698630137,50.82,26.260833333333334,48.39,157.94749,5081765.0,78.4405687613972,7.18368196,24831.7193480342,99.5253623188406,0.2368,L_America
CRI,2023,0.149,-0.242,0.551,,,26.354166666666668,38.44,186.14869000000002,5105525.0,78.8819393641702,6.8663702,25979.6286150717,99.9906972189581,0.2368,L_America
CRI,2024,0.149,-0.242,0.551,,,,,,5129910.0,79.3107672397967,,26973.4361580719,,0.2368,L_America
CZE,2019,0.58,0.249,0.951,,,,,,10671870.0,72.7876426709563,7.48754358,47763.6165520254,138.226810266108,0.3222,E_Europe
CZE,2020,0.66,0.284,1.029,44.77726775956284,82.41,15.961153846153847,108.07,142.14481,10697858.0,72.7254901604208,8.96995831,45119.9387309139,138.575928842168,0.3222,E_Europe
CZE,2021,0.496,0.124,0.827,55.17043835616438,81.48,24.875576923076924,67.07,391.38223,10505772.0,72.6810594374316,9.15420723,47796.0337408466,136.108349053848,0.3222,E_Europe
CZE,2022,0.365,0.081,0.761,18.499397260273973,37.82,7.936923076923078,33.57,440.0774,10672118.0,72.6967638379524,8.47063065,48390.661678675,138.290511305111,0.3222,E_Europe
CZE,2023,0.296,-0.06,0.627,,,2.1467924528301885,37.86,419.93267,10864042.0,72.7352388396817,8.42677402,47558.4106763314,140.785547662605,0.3222,E_Europe
CZE,2024,0.379,0.015,0.697,,,-4.635714285714285,5.98,,10905028.0,72.7947984592185,8.50710297,47963.8968485782,,0.3222,E_Europe
DEU,2019,0.136,-0.23,0.537,,,,,,83092962.0,81.3053991689039,11.42805386,62849.3741865912,237.822954291766,0.1682,W_Europe
DEU,2020,0.136,-0.23,0.537,51.8127868852459,82.41,5.264423076923077,39.29,29.401531999999996,83160871.0,81.4700055002738,12.46780777,60203.289760263,238.017318755545,0.1682,W_Europe
DEU,2021,0.042,-0.391,0.447,61.240767123287675,85.19,10.289423076923075,39.22,105.97295,83196078.0,81.6325870653934,12.72403336,62530.7653199239,238.118085806692,0.1682,W_Europe
DEU,2022,0.391,-0.012,0.8,19.051506849315068,42.69,14.399038461538462,53.65,217.9867,83177813.0,81.7867852780995,12.44708347,63676.087821808,238.086252003664,0.1682,W_Europe
DEU,2023,0.424,0.032,0.92,,,11.059056603773584,48.76,289.60684000000003,83287273.0,81.9034366692129,11.74428654,63039.3719696432,238.351810090719,0.1682,W_Europe
DEU,2024,-0.295,-0.778,0.161,,,4.863448275862068,16.75,,83516593.0,82.0211432579125,12.26655293,62554.5547232436,,0.1682,W_Europe
DNK,2019,2.248,1.531,2.715,,,,,,5814422.0,88.2096490810669,10.18468761,67131.4657009734,145.36055,0.0819,N_Europe
DNK,2020,2.248,1.531,2.715,46.365027322404366,72.22,1.7405769230769232,20.55,-12.767698,5831404.0,88.2394485473632,10.69237614,65744.4367251959,145.7851,0.0819,N_Europe
DNK,2021,2.248,1.531,2.715,46.20558904109589,70.37,7.186730769230769,21.78,13.687498,5856733.0,88.2616449318149,10.65575886,69715.1809680929,146.418325,0.0819,N_Europe
DNK,2022,2.248,1.531,2.715,13.531205479452053,34.38,10.853076923076923,34.56,67.496173,5903037.0,88.3880239837703,9.47411346,69475.3198650883,147.575925,0.0819,N_Europe
DNK,2023,2.248,1.531,2.715,,,9.154716981132076,30.14,96.905566,5946952.0,88.552638542867,9.5572958,69379.22000847,148.6738,0.0819,N_Europe
DNK,2024,2.248,1.531,2.715,,,3.0603846153846153,21.79,,5976992.0,88.6960552688405,9.38812923,71431.2926242287,,0.0819,N_Europe
ESP,2019,-1.503,-1.986,-1.017,,,,,,47118501.0,79.6349761108307,9.21539497,46896.4171141424,94.3181087826492,0.4165,S_Europe
ESP,2020,-2.196,-2.804,-1.585,56.27215846994536,85.19,18.033076923076923,158.25,147.09586,47359424.0,79.6955674617799,10.79479218,41553.4477945675,94.802910688937,0.4165,S_Europe
ESP,2021,-2.196,-2.804,-1.585,55.43775342465753,78.7,7.2457692307692305,25.38,203.40842,47443821.0,79.7846242983598,10.34419918,44251.6658222621,94.9382927184248,0.4165,S_Europe
ESP,2022,-2.575,-3.238,-1.867,23.136,38.65,11.635576923076922,47.69,290.697,47786102.0,79.9548794567814,9.6799593,46733.4809780536,95.626963633201,0.4165,S_Europe
ESP,2023,-2.575,-3.238,-1.867,,,4.193584905660377,22.85,315.21123,48352528.0,80.128491001856,9.2206583,47322.5937004504,96.7636173412149,0.4165,S_Europe
ESP,2024,-1.503,-1.966,-0.918,,,3.166923076923077,21.01,,48848840.0,80.315199821207,,48460.2914069661,,0.4165,S_Europe
EST,2019,0.047,-0.587,0.566,,,,,,1326898.0,69.5787397662154,6.64763546,42218.962853871,31.0385497076023,0.5062,N_Europe
EST,2020,0.321,-0.287,0.827,36.38357923497268,77.78,2.2084615384615387,15.69,7.762614000000001,1329522.0,69.8815778947665,7.47179365,40920.5270623015,31.0999298245614,0.5062,N_Europe
EST,2021,0.236,-0.347,0.767,38.12265753424658,64.7,20.200961538461538,48.25,222.48745,1330932.0,70.1777274135822,7.47591066,44251.5374983455,31.1329122807018,0.5062,N_Europe
EST,2022,0.597,0.047,1.185,21.536657534246576,45.62,11.15403846153846,33.4,329.68997,1348840.0,70.4892333736738,6.93641424,43128.6327713627,31.5665808565411,0.5062,N_Europe
EST,2023,0.597,0.047,1.185,,,3.8926415094339624,33.78,347.9003,1370286.0,70.6770085523126,7.47082138,41288.6165892158,32.0684764802247,0.5062,N_Europe
EST,2024,0.597,0.047,1.185,,,1.184074074074074,20.31,,1372341.0,70.6981161541961,7.83648062,41189.6675300734,,0.5062,N_Europe
FIN,2019,2.393,1.814,2.992,,,,,,5521606.0,72.7431214358314,9.22295189,56922.4873163103,18.1673609054717,0.1315,N_Europe
FIN,2020,2.578,1.917,3.167,38.731502732240436,71.3,3.089423076923077,16.48,7.649922999999999,5529543.0,73.0849439791673,9.69977188,55424.8574989208,18.1928768835954,0.1315,N_Europe
FIN,2021,2.086,1.479,2.532,42.45320547945205,52.31,7.5880769230769225,22.87,51.38926,5541017.0,73.3710215780329,9.90969753,56790.3766177692,18.2301659134121,0.1315,N_Europe
FIN,2022,2.416,1.786,3.045,16.35619178082192,34.77,17.562115384615385,32.79,187.60293,5556106.0,73.6967597835949,9.74152565,57068.3056478074,18.2798093224591,0.1315,N_Europe
FIN,2023,1.126,0.674,1.615,,,14.522264150943395,44.94,289.46837999999997,5583911.0,74.0062548602828,10.47389507,56250.8787899319,18.3705454665088,0.1315,N_Europe
FIN,2024,0.703,0.192,1.116,,,4.155185185185185,15.0,,5619911.0,74.2637190463636,,56123.1479579839,,0.1315,N_Europe
FRA,2019,-0.897,-1.294,-0.356,,,,,,67382061.0,78.6890784549356,11.17058277,53448.5548849943,125.024698023935,0.1032,W_Europe
FRA,2020,-0.75,-1.161,-0.274,54.293114754098355,87.96,10.629615384615384,65.24,71.20124,67601110.0,78.7119131765249,12.12949371,49311.333409639,125.431134613601,0.1032,W_Europe
FRA,2021,-0.937,-1.318,-0.342,52.67824657534247,75.0,8.858076923076924,19.91,121.41864000000001,67842811.0,78.7364603392338,12.24894238,52517.3354905855,125.879601076167,0.1032,W_Europe
FRA,2022,-0.937,-1.318,-0.342,19.813232876712327,48.33,11.215769230769231,37.35,183.89592,68184457.0,78.7591921123356,11.82888794,53673.8137406422,126.513511457464,0.1032,W_Europe
FRA,2023,-0.937,-1.318,-0.342,,,6.136037735849056,30.8,192.02994,68372286.0,78.7804323126547,11.51974583,54296.7230897731,126.862020595603,0.1032,W_Europe
FRA,2024,-1.52,-2.165,-0.804,,,2.6939130434782608,9.06,,68551653.0,78.7999750964116,11.53530598,54799.3482689389,,0.1032,W_Europe
GBR,2019,-0.871,-1.27,-0.434,,,,,,66631000.0,82.6699420738913,9.97954082,52515.684446109,275.414376059191,0.1211,N_Europe
GBR,2020,-0.742,-1.127,-0.327,56.9087431693989,79.63,13.67653846153846,108.4,115.75933,66744000.0,82.9000015258789,12.10388088,47158.985486323,275.881453312942,0.1211,N_Europe
GBR,2021,-0.344,-0.637,0.013,57.815643835616434,87.96,9.800576923076923,44.2,202.80187,66984000.0,82.9886431523641,12.08347321,51004.4271714238,276.873475798785,0.1211,N_Europe
GBR,2022,-0.626,-0.995,-0.181,14.444301369863014,42.1,9.046923076923077,25.82,270.38328,67604000.0,83.0753982997505,11.09679794,53139.151252206,279.436200553879,0.1211,N_Europe
GBR,2023,-0.479,-0.81,-0.066,,,9.453018867924529,26.41,347.26423,68492000.0,83.1601932891335,10.99128914,52592.6822066393,283.106683751498,0.1211,N_Europe
GBR,2024,-0.149,-0.464,0.174,,,5.8486206896551725,17.48,,69226000.0,83.2429544416085,11.133358,52621.1790252979,,0.1211,N_Europe
GRC,2019,-1.041,-1.433,-0.579,,,,,,10721582.0,78.1888100466875,8.11709499,33502.7506488997,83.1775174553918,0.1576,S_Europe
GRC,2020,-0.572,-0.958,-0.19,54.51363387978142,84.26,7.34923076923077,41.21,56.872797000000006,10698599.0,78.3066842455552,9.38074493,30487.1129331045,82.999216446858,0.1576,S_Europe
GRC,2021,-0.572,-0.958,-0.19,72.27019178082192,88.89,18.57519230769231,66.07,227.80524999999997,10569207.0,78.3884898647442,9.03178692,33531.15511226,81.9953995345229,0.1576,S_Europe
GRC,2022,-0.572,-0.958,-0.19,30.84449315068493,74.28,15.45923076923077,41.28,367.67927,10436882.0,78.5502190980809,8.44938278,35831.3441781205,80.968828549263,0.1576,S_Europe
GRC,2023,-0.572,-0.958,-0.19,,,5.364905660377358,39.15,377.15464000000003,10407351.0,78.7746303842088,8.39367008,36700.5134631055,80.7397284716835,0.1576,S_Europe
GRC,2024,-0.572,-0.958,-0.19,,,-2.9268181818181818,12.89,,10405134.0,78.9967856500534,,37474.2798239947,,0.1576,S_Europe
HUN,2019,-2.871,-3.608,-2.074,,,,,,9694824.0,70.4565277099609,6.24677849,37662.67681014,106.233004602235,0.1522,E_Europe
HUN,2020,-2.871,-3.608,-2.074,47.17297814207651,76.85,8.009615384615385,65.57,102.348883,9670419.0,70.2917327880859,7.230515,36119.5211735652,105.965581854043,0.1522,E_Europe
HUN,2021,-2.871,-3.608,-2.074,48.19843835616438,79.63,19.408653846153847,74.95,364.52202,9630932.0,70.2059275331413,7.33524847,38887.1909527154,105.532895025203,0.1522,E_Europe
HUN,2022,-2.871,-3.608,-2.074,14.228136986301369,29.07,5.097884615384616,25.28,420.92830000000004,9605074.0,70.1585064243445,6.6474123,40610.9711368238,105.249550734166,0.1522,E_Europe
HUN,2023,-2.871,-3.608,-2.074,,,-1.1375471698113209,13.26,396.4193,9592186.0,70.2923026891431,6.36868954,40333.2546888118,105.108327854482,0.1522,E_Europe
HUN,2024,-2.871,-3.608,-2.074,,,-8.30409090909091,-2.19,,9562065.0,70.491825943218,,40686.9319263343,,0.1522,E_Europe
IRL,2019,0.449,0.107,0.778,,,,,,4976456.0,63.2737009154127,6.61860561,96371.2910180182,72.237712294963,0.1206,N_Europe
IRL,2020,0.279,-0.084,0.616,56.54366120218579,90.74,7.078653846153846,59.32,26.343863,5039747.0,63.4713366724915,6.97323275,101968.554362011,73.1564377993903,0.1206,N_Europe
IRL,2021,0.279,-0.084,0.616,58.55652054794521,87.96,13.44096153846154,42.02,88.737134,5110585.0,63.6774229356985,6.44113493,116903.61243517,74.1847147626651,0.1206,N_Europe
IRL,2022,0.279,-0.084,0.616,12.490301369863014,42.84,14.625576923076922,40.54,147.51222,5212836.0,63.8920250215059,6.02078247,123219.076059494,75.6689795325882,0.1206,N_Europe
IRL,2023,0.468,0.058,0.905,,,15.661698113207548,45.72,210.37068,5311538.0,64.1152082461268,6.57538509,117862.128878959,77.1017273914937,0.1206,N_Europe
IRL,2024,0.468,0.058,0.905,,,11.727307692307694,24.48,,5395790.0,64.3470379255585,6.85410833,119037.731175443,,0.1206,N_Europe
ISL,2019,2.179,1.49,2.817,,,,,,360563.0,93.9770847416131,8.63996315,64826.4324085557,3.5759496181692,0.0798,N_Europe
ISL,2020,0.512,-0.043,0.978,39.40199453551913,53.7,2.6923076923076925,40.31,4.090738,366463.0,94.1367102874722,9.64908886,59543.813498684,3.63446394922146,0.0798,N_Europe
ISL,2021,0.512,-0.043,0.978,38.056876712328766,65.74,4.360769230769231,51.04,13.177153,372520.0,94.2108206403841,9.72073746,61610.2132740715,3.69453535654071,0.0798,N_Europe
ISL,2022,0.512,-0.043,0.978,14.358794520547946,40.74,19.95596153846154,78.9,113.46117,382003.0,94.1787071228028,9.08145332,65380.3173049324,3.78858474660319,0.0798,N_Europe
ISL,2023,0.512,-0.043,0.978,,,15.46754716981132,63.27,181.49756,385663.0,94.1518261784801,8.70510101,68118.3960312086,3.82488346722206,0.0798,N_Europe
ISL,2024,0.512,-0.043,0.978,,,14.259545454545453,44.23,,386506.0,94.1819039916522,8.98358727,67310.0573573616,,0.0798,N_Europe
ISR,2019,-0.771,-1.168,-0.196,,,,,,9054000.0,91.6154002002652,7.20701885,44580.8078825716,418.391866913124,0.3436,W_Asia
ISR,2020,-0.771,-1.168,-0.196,58.047431693989076,94.44,9.492692307692307,39.6,30.294083,9215100.0,91.5788453228939,7.74801874,42915.9416939728,425.836414048059,0.3436,W_Asia
ISR,2021,-1.318,-1.921,-0.558,51.76079452054794,87.04,14.094615384615384,39.17,80.81858,9371400.0,91.5353517549466,7.83961058,46162.0822730247,433.059149722736,0.3436,W_Asia
ISR,2022,-1.318,-1.921,-0.558,20.001534246575343,48.91,15.626153846153848,48.96,135.6293,9557500.0,91.4979834273327,7.12004995,48098.187235579,441.658964879852,0.3436,W_Asia
ISR,2023,-1.318,-1.921,-0.558,,,11.498867924528303,150.25,160.36047000000002,9849000.0,91.5089569794505,7.09822369,47527.151024672,455.129390018484,0.3436,W_Asia
ISR,2024,-1.318,-1.921,-0.558,,,14.01923076923077,28.9,,9974400.0,91.536188843818,,47338.8424624205,,0.3436,W_Asia
ITA,2019,-0.754,-1.205,-0.314,,,,,,59729081.0,69.5050010681153,8.61536789,49690.6298505274,201.980545589195,0.1145,S_Europe
ITA,2020,-0.658,-1.014,-0.174,64.64532786885246,93.52,15.444615384615386,84.9,167.4199,59438851.0,69.5187492370606,9.5643034,45505.0688708956,200.999100491348,0.1145,S_Europe
ITA,2021,-0.658,-1.014,-0.174,64.68709589041096,83.33,9.939038461538463,25.56,282.08127,59133173.0,69.4812507629394,9.28164482,49825.3934111848,199.965416259464,0.1145,S_Europe
ITA,2022,-0.658,-1.014,-0.174,27.48643835616438,53.5,10.570576923076922,35.89,404.24768,59013667.0,69.4839779766539,8.85022926,52333.3274270604,199.559268903016,0.1145,S_Europe
ITA,2023,-0.658,-1.014,-0.174,,,2.539433962264151,18.47,442.19897000000003,58984216.0,69.5381540123301,8.40559483,52870.3261442897,199.459678073854,0.1145,S_Europe
ITA,2024,-0.641,-1.031,-0.16,,,-5.871428571428571,4.49,,58952704.0,69.6047535143071,8.44437313,53265.0032474189,,0.1145,S_Europe
JPN,2019,1.851,1.372,2.313,,,,,,126633000.0,91.7164207898107,10.96998405,44730.9102844958,347.415637860082,0.0119,E_Asia
JPN,2020,2.253,1.658,2.838,32.56775956284153,47.22,3.5508333333333333,8.27,-22.359417999999998,126261000.0,91.7809926267889,11.44974613,42992.4796365328,346.395061728395,0.0119,E_Asia
JPN,2021,2.253,1.658,2.838,48.84783561643835,55.09,8.746666666666668,13.05,-10.5506226,125681593.0,91.8741049279527,12.08108234,44355.3487163354,344.80546776406,0.0119,E_Asia
JPN,2022,2.253,1.658,2.838,39.68030136986301,47.22,18.339166666666667,29.08,85.97607400000001,125124989.0,91.9776532428406,12.32275677,44972.3438362201,343.278433470508,0.0119,E_Asia
JPN,2023,2.128,1.486,2.723,,,18.791666666666668,25.89,170.21893,124516650.0,92.0826903891473,10.73979473,45858.6595131439,341.54455749932,0.0119,E_Asia
JPN,2024,2.128,1.486,2.723,,,19.31,22.65,,123975371.0,92.1901718034531,,46106.9229230044,,0.0119,E_Asia
KOR,2019,-1.507,-1.878,-1.008,,,,,,51764822.0,81.2901063535619,7.69397116,49790.8679884821,530.377274590164,0.002,E_Asia
KOR,2020,-1.507,-1.878,-1.008,49.42956284153006,82.41,6.038076923076924,15.74,0.5177004000000001,51836239.0,81.1759595622913,8.02722836,49374.0926148025,531.109006147541,0.002,E_Asia
KOR,2021,-1.122,-1.471,-0.759,51.27865753424657,67.59,10.526730769230769,25.08,14.687982,51769539.0,81.1616526507785,8.34412766,51718.2518656631,530.425604508197,0.002,E_Asia
KOR,2022,-1.122,-1.471,-0.759,21.521123287671234,46.39,29.596923076923076,88.65,124.87174,51672569.0,81.1624941626873,8.8595314,53228.6035655365,529.43205942623,0.002,E_Asia
KOR,2023,-0.946,-1.269,-0.54,,,21.407999999999998,33.05,165.01195,51712619.0,81.1645551720421,8.5650692,54029.3434990785,529.842407786885,0.002,E_Asia
KOR,2024,-2.006,-2.692,-1.389,,,,,,51751065.0,81.1682528469686,8.67656994,55070.9386194121,,0.002,E_Asia
LTU,2019,2.121,1.459,2.603,,,,,,2811089.0,67.245735168457,6.94472647,43062.3228425315,44.8912328329607,0.3223,N_Europe
LTU,2020,2.027,1.397,2.502,47.048114754098364,87.04,7.931538461538461,75.19,193.11633,2810369.0,67.4254608154297,7.41619062,43091.7973723526,44.8797349089748,0.3223,N_Europe
LTU,2021,1.258,0.873,1.639,46.80186301369863,79.63,19.757115384615382,63.3,594.00317,2808380.0,68.1912117004395,7.73210812,45873.5273239486,44.8551349624661,0.3223,N_Europe
LTU,2022,1.158,0.784,1.53,14.178054794520547,27.18,5.719615384615385,25.47,835.8041999999999,2831639.0,68.2866452426813,7.24367952,46651.2145810247,45.2309596830873,0.3223,N_Europe
LTU,2023,1.249,0.819,1.586,,,-4.706981132075471,26.58,958.0695,2871585.0,68.575454583199,7.31801939,46159.7081733083,45.87196485623,0.3223,N_Europe
LTU,2024,0.89,0.539,1.174,,,-8.241428571428571,7.41,,2888278.0,68.8285833315315,7.59519005,47165.3665643051,,0.3223,N_Europe
LUX,2019,2.479,1.904,3.062,,,,,,620001.0,93.2589839734767,5.46640301,132724.752743888,240.827591028798,0.5302,W_Europe
LUX,2020,1.577,1.004,2.061,42.729207650273224,79.63,10.886153846153848,80.59,18.749969999999998,630419.0,93.8600689970981,5.7671175,129865.629988164,244.874264894386,0.5302,W_Europe
LUX,2021,1.577,1.004,2.061,46.043342465753426,67.59,7.804615384615384,51.88,5.7091022,640064.0,94.5861743396533,5.60806084,136772.443753292,248.62068161867,0.5302,W_Europe
LUX,2022,1.577,1.004,2.061,22.981342465753425,54.53,7.659230769230769,44.89,-25.494089,653103.0,94.7605400940185,5.60926914,132570.826463419,253.685433061691,0.5302,W_Europe
LUX,2023,1.974,1.426,2.509,,,7.565849056603774,56.68,-73.216425,666430.0,94.8015300320787,5.78777981,130048.92038753,258.862052624628,0.5302,W_Europe
LUX,2024,1.974,1.426,2.509,,,2.9618181818181815,22.78,,677012.0,94.8438702866393,5.89136267,128475.279802738,,0.5302,W_Europe
LVA,2019,0.651,0.308,1.058,,,,,,1913822.0,68.066323694246,6.86276913,35208.1934590859,30.755491989008,0.5867,N_Europe
LVA,2020,0.536,0.215,0.94,40.644617486338795,67.59,1.0265384615384616,40.41,29.698642,1900449.0,68.1211222872228,7.50587368,34225.8976044058,30.5391129680219,0.5867,N_Europe
LVA,2021,0.583,0.206,0.942,49.57482191780822,67.59,21.880192307692308,76.5,383.53708,1884490.0,68.1808791463693,9.4105072,36912.0130602161,30.2826610959344,0.5867,N_Europe
LVA,2022,0.517,0.149,0.899,16.232438356164383,44.14,7.572307692307692,23.77,539.52295,1879383.0,68.2570218109034,8.1044302,37718.7097958367,30.2005945685361,0.5867,N_Europe
LVA,2023,0.328,-0.046,0.766,,,-0.992264150943396,35.45,572.61064,1883710.0,68.3586316343061,7.27783823,37277.7217221317,30.2701269484172,0.5867,N_Europe
LVA,2024,0.511,0.071,0.904,,,-8.684615384615386,6.69,,1866124.0,68.4839492628509,,37611.6699359404,,0.5867,N_Europe
MEX,2019,-1.654,-2.168,-1.037,,,,,,125762982.0,78.355984332992,5.3013463,21704.1859494071,64.6945559299365,0.5418,L_America
MEX,2020,-1.827,-2.358,-1.213,57.39265027322404,82.41,54.04461538461539,116.19,244.21711,126799054.0,78.677960602824,6.05248594,19728.4817823158,65.227528485815,0.5418,L_America
MEX,2021,-1.55,-2.043,-0.955,49.1213698630137,71.76,58.396153846153844,196.08,509.99043,127648148.0,78.9324007418057,5.87678003,20782.5877417545,65.664316469045,0.5418,L_America
MEX,2022,-1.652,-2.216,-1.087,25.42287671232877,48.52,19.45576923076923,122.82,540.6936,128613117.0,79.199683215791,5.70919704,21391.8573692427,66.1607124668844,0.5418,L_America
MEX,2023,-1.428,-1.869,-0.833,,,11.108039215686274,38.07,505.04717,129739759.0,79.4734935748046,5.50398684,21917.24858366,66.7402757272564,0.5418,L_America
MEX,2024,-1.377,-1.885,-0.727,,,,,,130861007.0,79.7538805976118,,22039.6287019016,,0.5418,L_America
NLD,2019,0.082,-0.266,0.446,,,,,,17344874.0,93.8898028856479,9.93616295,67847.8542926795,515.143272943273,0.1054,W_Europe
NLD,2020,0.082,-0.266,0.446,50.12950819672132,78.7,11.816153846153847,75.09,75.54533,17441500.0,94.2532277765935,10.94954681,64862.1922496366,518.013068013068,0.1054,W_Europe
NLD,2021,-0.128,-0.515,0.327,57.80901369863014,82.41,13.906923076923077,51.47,162.44943,17533044.0,94.6294783220315,11.13498974,68573.5648786446,520.731927531928,0.1054,W_Europe
NLD,2022,-0.204,-0.619,0.205,20.732438356164383,69.44,13.34153846153846,36.96,232.98593999999997,17700982.0,94.9856177734136,10.03109169,71324.0360349277,525.719691119691,0.1054,W_Europe
NLD,2023,-0.194,-0.569,0.267,,,12.82433962264151,26.88,295.60286,17877117.0,95.3221682092129,9.83150005,70198.9297909022,530.950905850906,0.1054,W_Europe
NLD,2024,-0.194,-0.569,0.267,,,12.61826086956522,21.41,,17993485.0,95.6396517079336,10.00551128,70498.8840396071,,0.1054,W_Europe
NOR,2019,1.116,0.638,1.577,,,,,,5347896.0,82.4935894878281,10.43807507,87725.7283254613,14.6479975020132,0.0586,N_Europe
NOR,2020,1.05,0.532,1.562,41.72601092896175,79.63,-0.340576923076923,10.95,-2.9591993,5379475.0,82.7029885700532,11.42416382,86096.0508947506,14.7672152298338,0.0586,N_Europe
NOR,2021,1.05,0.532,1.562,50.286191780821916,73.15,3.5182692307692305,27.24,21.745241,5408320.0,82.8612877226956,9.8142643,88984.1386736515,14.8470090866665,0.0586,N_Europe
NOR,2022,0.738,0.17,1.228,14.621780821917808,49.84,12.11153846153846,27.9,111.56125,5457127.0,82.9563661816034,7.90873051,91051.0831968407,14.9809948664452,0.0586,N_Europe
NOR,2023,0.738,0.17,1.228,,,7.889811320754716,29.76,171.70579,5519601.0,83.0718560702166,9.42925453,90085.4382059786,15.1524995195871,0.0586,N_Europe
NOR,2024,0.738,0.17,1.228,,,4.388148148148148,16.07,,5572279.0,83.3293737928469,,91105.246799623,,0.0586,N_Europe
NZL,2019,1.454,0.901,1.949,,,,,,4970300.0,83.804965871667,8.61898708,47362.3199332352,18.8762295393263,0.3969,AusNZ
NZL,2020,1.639,1.106,2.06,36.521830601092894,96.3,-0.01076923076923078,15.0,-43.543637000000004,5072400.0,83.8138977095908,9.25240231,46266.3954728951,19.2639854164293,0.3969,AusNZ
NZL,2021,1.007,0.527,1.379,44.594356164383555,96.3,6.836538461538462,20.67,-53.466750000000005,5084600.0,83.8299382585905,9.55072403,48248.7176729892,19.3103186358285,0.3969,AusNZ
NZL,2022,0.491,0.065,0.893,22.93632876712329,52.63,17.465384615384615,32.71,-8.327397000000001,5081700.0,83.8547305017812,10.56814575,49964.1765523158,19.299305001709,0.3969,AusNZ
NZL,2023,0.491,0.065,0.893,,,15.829811320754718,32.37,10.822293,5200000.0,83.8898991461229,10.12947655,49508.2697230172,19.7485853176864,0.3969,AusNZ
NZL,2024,-0.6,-1.185,0.04,,,14.093571428571428,23.26,,5287500.0,83.9370658833132,10.06186676,49316.3999433708,,0.3969,AusNZ
POL,2019,-2.613,-3.304,-1.906,,,,,,37965475.0,59.9626184068963,6.38906956,38181.6230334689,124.025595374212,0.1183,E_Europe
POL,2020,-2.613,-3.304,-1.906,48.26822404371584,87.04,18.678653846153846,116.68,150.61217,37515748.0,59.8738141138092,6.42739105,37852.8021313639,122.548420605625,0.1183,E_Europe
POL,2021,-2.283,-2.894,-1.613,53.05386301369863,80.56,28.598461538461535,76.38,401.5026,36981559.0,59.8096513205543,6.3654809,41059.5847829682,120.815285854296,0.1183,E_Europe
POL,2022,-2.379,-2.939,-1.62,18.031561643835616,48.15,11.970769230769232,63.53,444.70316999999994,36821749.0,59.8315488048321,6.46619797,43405.0215797441,120.297131562612,0.1183,E_Europe
POL,2023,-2.811,-3.521,-2.037,,,2.489433962264151,32.79,380.13901,36687353.0,59.8859561370214,7.13848782,43672.7668014946,119.787615502661,0.1183,E_Europe
POL,2024,-1.832,-2.45,-1.189,,,-2.7180769230769233,4.42,,36559233.0,59.9705468695101,8.06380177,45153.0439773281,,0.1183,E_Europe
PRT,2019,0.957,0.396,1.444,,,,,,10286263.0,61.114927250613,9.50868607,40188.2868799219,112.288582794065,0.0468,S_Europe
PRT,2020,1.299,0.731,1.803,54.248333333333335,87.96,12.085769230769232,44.47,92.72118,10297081.0,61.1042566768691,10.52074051,36852.22873381,112.406676011074,0.0468,S_Europe
PRT,2021,0.448,-0.101,0.977,60.15832876712329,87.96,11.762692307692307,76.45,202.21362,10361831.0,61.0951249296597,11.22031498,38657.6677223425,113.113510527741,0.0468,S_Europe
PRT,2022,1.415,0.752,1.924,16.66419178082192,42.59,13.909423076923076,48.96,296.51858000000004,10434332.0,61.1259255772782,10.5492239,41070.861152974,113.904957775507,0.0468,S_Europe
PRT,2023,2.146,1.474,2.791,,,7.77433962264151,33.36,324.72551,10578174.0,61.2048652633664,10.02761173,41768.2549192626,115.475189289738,0.0468,S_Europe
PRT,2024,1.483,0.848,2.039,,,5.522692307692308,27.22,,10694681.0,61.3281907341332,10.24061108,42197.2025135828,,0.0468,S_Europe
SVK,2019,-0.808,-1.111,-0.468,,,,,,5454147.0,53.3666558664583,6.91102982,37209.5332553073,113.43899750416,0.2539,E_Europe
SVK,2020,-1.157,-1.453,-0.712,45.505874316939895,87.04,9.366153846153846,64.07,84.53490000000001,5458827.0,53.2481998906526,7.06027794,36216.4002110814,113.536335274542,0.2539,E_Europe
SVK,2021,-1.411,-1.809,-0.955,52.952767123287664,74.07,36.05557692307692,94.32,448.61597,5447247.0,53.1901479870605,7.62857914,38346.0935768177,113.295486688852,0.2539,E_Europe
SVK,2022,-1.782,-2.209,-1.207,18.46304109589041,56.34,11.429615384615385,36.62,534.3658,5431752.0,53.1902831072528,7.70245218,38664.9076949851,112.973211314476,0.2539,E_Europe
SVK,2023,-2.584,-3.207,-1.821,,,1.7660377358490564,24.36,526.34014,5426740.0,53.190805019646,7.35262203,39518.2209359245,112.868968386023,0.2539,E_Europe
SVK,2024,-2.584,-3.207,-1.821,,,-5.602307692307692,4.45,,5422069.0,53.1919702985684,,40319.0547230873,,0.2539,E_Europe
SVN,2019,-1.386,-1.77,-0.817,,,,,,2088385.0,55.4523277282715,8.56564522,44569.5878416535,103.711934605987,0.2216,E_Europe
SVN,2020,-2.136,-2.741,-1.464,50.01825136612022,89.81,18.150961538461537,112.67,135.92437999999999,2102419.0,55.384391784668,9.48984432,42463.5635346194,104.408881428657,0.2216,E_Europe
SVN,2021,-2.26,-2.865,-1.5,54.59109589041096,85.19,15.413846153846153,60.82,237.43422999999999,2108079.0,55.3046289429588,9.52724361,45914.0572392406,104.689964442502,0.2216,E_Europe
SVN,2022,-2.26,-2.865,-1.5,17.108438356164385,54.02,11.117307692307692,39.2,286.80427,2112076.0,55.3377817873563,9.62683296,47050.0676441642,104.888460698039,0.2216,E_Europe
SVN,2023,-1.652,-2.199,-1.033,,,7.327924528301887,33.28,287.1376,2120461.0,55.5378927789875,9.30008888,47977.4268117652,105.31480791676,0.2216,E_Europe
SVN,2024,-1.652,-2.199,-1.033,,,0.6091666666666667,19.83,,2127400.0,55.7577708405917,9.87630939,48648.9078834081,,0.2216,E_Europe
SWE,2019,1.029,0.509,1.567,,,,,,10278887.0,87.7088420242759,10.93444347,61601.6292338778,25.2378879395011,0.06,N_Europe
SWE,2020,1.049,0.521,1.536,49.005874316939895,69.44,7.444038461538461,46.62,71.57028,10353442.0,87.9424046895699,11.42458725,59975.3644061895,25.4209438224317,0.06,N_Europe
SWE,2021,1.049,0.521,1.536,46.225232876712326,71.13,1.3201923076923074,29.83,93.54553,10415811.0,88.1741651958315,11.23013592,62731.700616293,25.5740792575133,0.06,N_Europe
SWE,2022,0.618,0.071,1.131,14.803232876712327,42.52,3.931346153846154,29.65,138.98395,10486941.0,88.4038576504809,10.85505676,63088.4236678734,25.7487256923983,0.06,N_Europe
SWE,2023,0.387,-0.153,0.868,,,4.212075471698113,27.66,191.0369,10536632.0,88.631216160938,11.152915,62662.7652797761,25.8713678886243,0.06,N_Europe
SWE,2024,0.387,-0.153,0.868,,,,,,10569709.0,88.8559748346228,11.21510124,62978.9390459835,,0.06,N_Europe
TUR,2019,-2.697,-3.45,-1.976,,,,,,82579440.0,88.6618152857124,4.35954332,28741.0535082701,107.297584553617,0.32,W_Asia
TUR,2020,-2.697,-3.45,-1.976,54.57147540983607,80.09,,,,83384680.0,88.9303114965222,4.61640215,28976.7179161611,108.343853540013,0.32,W_Asia
TUR,2021,-2.697,-3.45,-1.976,55.527232876712326,80.56,,,,84147318.0,89.1762048153239,4.56065559,32105.5474400506,109.334768655068,0.32,W_Asia
TUR,2022,-2.697,-3.45,-1.976,16.243287671232878,36.66,,,,84979913.0,89.0381164550781,3.70338893,33520.8111384208,110.416580694619,0.32,W_Asia
TUR,2023,-1.693,-2.299,-0.946,,,,,,85325965.0,89.0218446796121,4.27524424,35069.1701714685,110.866214934449,0.32,W_Asia
TUR,2024,-1.025,-1.665,-0.31,,,,,,85518661.0,89.3443122873887,,36154.490436557,,0.32,W_Asia
USA,2019,-1.548,-1.983,-1.055,,,,,,330226227.0,80.1304793353594,16.54486084,69112.602688656,36.1004771837305,0.4901,N_America
USA,2020,-1.548,-1.983,-1.055,57.113907103825134,75.46,20.436923076923076,47.05,133.28586,331577720.0,79.997451762548,18.51597404,67342.0709287722,36.248222996211,0.4901,N_America
USA,2021,-1.348,-1.879,-0.817,56.41545205479452,71.76,24.234038461538464,51.64,288.80183,332099760.0,80.0074765140272,17.35207748,71307.4017277218,36.3052926398919,0.4901,N_America
USA,2022,-1.422,-1.999,-0.892,31.656520547945203,47.65,17.20673076923077,44.8,375.88162,334017321.0,80.0324978239707,16.52875137,72679.2575396348,36.5149212564854,0.4901,N_America
USA,2023,-1.422,-1.999,-0.892,,,10.908113207547169,22.5,396.76882,336806231.0,80.071561119178,16.69414902,74158.7164155605,36.8198061311277,0.4901,N_America
USA,2024,-1.509,-2.099,-0.903,,,7.834166666666667,12.45,,340110988.0,80.1247798047184,,75489.2664334817,,0.4901,N_America
